,Aceh,Bali,Banten,Babel,Bengkulu,DIY,Jakarta,Jambi,Jabar,Jateng,Jatim,Kalbar,Kaltim,Kalteng,Kalsel,Kaltara,Kep Riau,NTB,Sumsel,Sumbar,Sulut,Sumut,Sultra,Sulsel,Sulteng,Lampung,Riau,Malut,Maluku,Papbar,Papua,Sulbar,NTT,Gorontalo,?
18-Mar,0.00,1.00,17.00,0.00,0.00,3.00,158.00,0.00,24.00,8.00,8.00,2.00,1.00,0.00,0.00,0.00,1.00,0.00,0.00,0.00,1.00,1.00,0.00,0.00,0.00,1.00,1.00,0.00,0.00,0.00,0.00,0.00,0.00,0.00,0.00
19-Mar,0.00,1.00,27.00,0.00,0.00,5.00,210.00,0.00,26.00,12.00,9.00,2.00,3.00,0.00,0.00,0.00,3.00,0.00,0.00,0.00,1.00,2.00,3.00,2.00,0.00,1.00,2.00,0.00,0.00,0.00,0.00,0.00,0.00,0.00,0.00
20-Mar,0.00,4.00,37.00,0.00,0.00,4.00,215.00,0.00,41.00,12.00,15.00,2.00,10.00,2.00,0.00,0.00,4.00,0.00,0.00,0.00,1.00,2.00,3.00,2.00,0.00,1.00,1.00,0.00,0.00,0.00,0.00,0.00,0.00,0.00,13.00
21-Mar,0.00,3.00,43.00,0.00,0.00,5.00,267.00,0.00,55.00,14.00,26.00,2.00,9.00,2.00,0.00,0.00,4.00,0.00,0.00,0.00,1.00,2.00,3.00,2.00,0.00,1.00,1.00,0.00,0.00,0.00,0.00,0.00,0.00,0.00,10.00
22-Mar,0.00,3.00,47.00,0.00,0.00,5.00,307.00,0.00,59.00,15.00,41.00,2.00,9.00,2.00,1.00,0.00,4.00,0.00,0.00,0.00,1.00,2.00,3.00,2.00,0.00,1.00,1.00,0.00,1.00,0.00,2.00,0.00,0.00,0.00,6.00
23-Mar,0.00,6.00,56.00,0.00,0.00,5.00,353.00,1.00,59.00,15.00,41.00,2.00,11.00,2.00,1.00,0.00,5.00,0.00,0.00,0.00,1.00,2.00,3.00,2.00,0.00,1.00,1.00,1.00,1.00,0.00,2.00,0.00,0.00,0.00,8.00
24-Mar,0.00,6.00,65.00,0.00,0.00,6.00,424.00,1.00,60.00,19.00,51.00,3.00,11.00,3.00,1.00,0.00,5.00,1.00,1.00,0.00,2.00,7.00,3.00,4.00,0.00,1.00,2.00,1.00,1.00,0.00,3.00,0.00,0.00,0.00,5.00
25-Mar,0.00,9.00,67.00,0.00,0.00,17.00,463.00,1.00,73.00,38.00,51.00,3.00,11.00,3.00,2.00,0.00,5.00,2.00,1.00,0.00,2.00,7.00,3.00,13.00,0.00,1.00,1.00,1.00,1.00,0.00,3.00,0.00,0.00,0.00,12.00
26-Mar,1.00,9.00,67.00,0.00,0.00,16.00,515.00,1.00,78.00,40.00,59.00,3.00,11.00,6.00,1.00,0.00,5.00,2.00,1.00,3.00,2.00,8.00,3.00,27.00,1.00,3.00,2.00,1.00,1.00,0.00,7.00,0.00,0.00,0.00,20.00
27-Mar,4.00,9.00,84.00,0.00,0.00,22.00,598.00,1.00,98.00,43.00,66.00,3.00,11.00,6.00,1.00,0.00,5.00,2.00,1.00,5.00,2.00,8.00,3.00,29.00,1.00,4.00,1.00,1.00,1.00,2.00,7.00,0.00,0.00,0.00,28.00
28-Mar,4.00,9.00,103.00,0.00,0.00,22.00,627.00,1.00,119.00,55.00,77.00,3.00,17.00,7.00,1.00,2.00,5.00,2.00,2.00,5.00,2.00,8.00,3.00,33.00,2.00,4.00,1.00,1.00,1.00,2.00,7.00,0.00,0.00,0.00,30.00
29-Mar,5.00,10.00,106.00,0.00,0.00,22.00,675.00,1.00,149.00,63.00,90.00,8.00,17.00,7.00,1.00,2.00,5.00,2.00,2.00,5.00,2.00,8.00,3.00,47.00,2.00,4.00,2.00,1.00,1.00,2.00,9.00,1.00,0.00,0.00,33.00
30-Mar,5.00,19.00,128.00,1.00,0.00,18.00,698.00,2.00,180.00,81.00,91.00,9.00,17.00,7.00,5.00,2.00,6.00,2.00,2.00,8.00,2.00,13.00,3.00,50.00,3.00,8.00,3.00,1.00,1.00,2.00,9.00,1.00,0.00,0.00,37.00
31-Mar,5.00,19.00,142.00,2.00,1.00,23.00,747.00,2.00,198.00,93.00,93.00,9.00,20.00,9.00,8.00,2.00,7.00,4.00,5.00,8.00,2.00,19.00,3.00,50.00,3.00,8.00,3.00,1.00,1.00,2.00,10.00,1.00,0.00,0.00,28.00
1-Apr,5.00,25.00,152.00,2.00,1.00,28.00,808.00,2.00,220.00,104.00,104.00,10.00,21.00,9.00,8.00,2.00,7.00,6.00,5.00,8.00,3.00,22.00,3.00,66.00,2.00,8.00,3.00,1.00,1.00,2.00,10.00,1.00,0.00,0.00,28.00
2-Apr,5.00,25.00,164.00,2.00,1.00,27.00,897.00,2.00,223.00,104.00,104.00,10.00,21.00,9.00,8.00,2.00,7.00,6.00,11.00,8.00,3.00,22.00,3.00,66.00,2.00,8.00,7.00,1.00,1.00,2.00,10.00,1.00,0.00,0.00,28.00
3-Apr,5.00,27.00,170.00,2.00,2.00,27.00,971.00,2.00,225.00,114.00,155.00,10.00,22.00,12.00,8.00,8.00,8.00,7.00,12.00,8.00,3.00,22.00,6.00,82.00,4.00,12.00,10.00,1.00,1.00,2.00,16.00,1.00,0.00,0.00,31.00
4-Apr,5.00,32.00,173.00,2.00,2.00,33.00,1028.00,2.00,247.00,120.00,152.00,10.00,24.00,11.00,8.00,8.00,8.00,7.00,12.00,8.00,3.00,25.00,5.00,82.00,4.00,11.00,10.00,1.00,1.00,2.00,18.00,1.00,0.00,0.00,37.00
5-Apr,5.00,35.00,177.00,2.00,2.00,34.00,1124.00,2.00,252.00,120.00,188.00,10.00,30.00,11.00,16.00,8.00,9.00,7.00,16.00,8.00,3.00,25.00,6.00,83.00,4.00,11.00,11.00,1.00,1.00,2.00,26.00,2.00,0.00,0.00,42.00
6-Apr,5.00,43.00,187.00,2.00,2.00,40.00,1232.00,2.00,263.00,132.00,189.00,12.00,31.00,20.00,18.00,15.00,9.00,10.00,16.00,18.00,5.00,26.00,7.00,113.00,4.00,12.00,12.00,1.00,1.00,2.00,26.00,2.00,0.00,0.00,34.00
7-Apr,5.00,43.00,194.00,2.00,2.00,41.00,1369.00,2.00,343.00,133.00,194.00,10.00,31.00,20.00,18.00,15.00,9.00,10.00,16.00,18.00,8.00,26.00,7.00,127.00,5.00,12.00,12.00,1.00,1.00,2.00,26.00,2.00,0.00,0.00,34.00
8-Apr,6.00,49.00,212.00,2.00,2.00,41.00,1470.00,2.00,365.00,140.00,196.00,10.00,32.00,20.00,22.00,16.00,9.00,10.00,16.00,18.00,8.00,59.00,11.00,127.00,5.00,15.00,12.00,2.00,3.00,2.00,38.00,2.00,0.00,0.00,34.00
9-Apr,6.00,63.00,218.00,3.00,4.00,41.00,1706.00,2.00,376.00,144.00,223.00,10.00,32.00,20.00,22.00,16.00,22.00,16.00,17.00,18.00,8.00,59.00,15.00,138.00,5.00,15.00,12.00,2.00,3.00,2.00,38.00,2.00,1.00,0.00,34.00
10-Apr,5.00,75.00,243.00,3.00,4.00,41.00,1753.00,2.00,388.00,144.00,256.00,10.00,35.00,24.00,29.00,16.00,21.00,25.00,21.00,31.00,13.00,59.00,15.00,167.00,14.00,20.00,13.00,2.00,3.00,2.00,38.00,3.00,1.00,1.00,35.00
11-Apr,5.00,79.00,279.00,4.00,4.00,41.00,1948.00,4.00,421.00,144.00,267.00,10.00,35.00,24.00,29.00,16.00,21.00,27.00,21.00,31.00,13.00,59.00,16.00,178.00,19.00,20.00,16.00,2.00,3.00,2.00,62.00,5.00,1.00,1.00,35.00
12-Apr,5.00,81.00,281.00,4.00,4.00,41.00,2044.00,4.00,450.00,200.00,386.00,13.00,35.00,24.00,34.00,16.00,21.00,37.00,21.00,44.00,17.00,65.00,16.00,222.00,19.00,20.00,16.00,2.00,11.00,3.00,63.00,5.00,1.00,1.00,35.00
13-Apr,5.00,86.00,285.00,4.00,4.00,57.00,2186.00,4.00,540.00,203.00,440.00,13.00,35.00,25.00,34.00,16.00,21.00,37.00,18.00,45.00,17.00,67.00,16.00,223.00,19.00,21.00,20.00,2.00,11.00,2.00,68.00,5.00,1.00,1.00,26.00
14-Apr,5.00,92.00,280.00,4.00,4.00,62.00,2335.00,5.00,530.00,278.00,475.00,13.00,35.00,25.00,37.00,16.00,26.00,37.00,19.00,48.00,17.00,72.00,16.00,231.00,19.00,21.00,20.00,2.00,11.00,2.00,68.00,5.00,1.00,1.00,27.00
15-Apr,5.00,98.00,281.00,5.00,4.00,62.00,2474.00,6.00,559.00,292.00,499.00,13.00,35.00,33.00,49.00,20.00,32.00,37.00,22.00,55.00,18.00,78.00,24.00,242.00,22.00,20.00,20.00,4.00,14.00,2.00,75.00,7.00,1.00,1.00,27.00
16-Apr,5.00,113.00,297.00,6.00,4.00,62.00,2670.00,7.00,570.00,300.00,514.00,21.00,44.00,34.00,59.00,28.00,38.00,45.00,37.00,55.00,18.00,79.00,26.00,271.00,22.00,25.00,24.00,4.00,14.00,5.00,80.00,7.00,1.00,4.00,27.00
17-Apr,5.00,124.00,311.00,6.00,4.00,64.00,2815.00,8.00,632.00,304.00,522.00,21.00,44.00,35.00,74.00,47.00,58.00,51.00,54.00,62.00,18.00,79.00,27.00,332.00,24.00,26.00,26.00,4.00,14.00,5.00,89.00,7.00,1.00,4.00,26.00
18-Apr,6.00,131.00,321.00,6.00,4.00,67.00,2924.00,8.00,641.00,329.00,555.00,21.00,54.00,41.00,92.00,50.00,79.00,55.00,84.00,71.00,20.00,79.00,28.00,343.00,24.00,26.00,30.00,4.00,17.00,5.00,95.00,7.00,1.00,4.00,26.00
19-Apr,7.00,135.00,324.00,7.00,4.00,67.00,3032.00,8.00,696.00,349.00,590.00,21.00,59.00,46.00,96.00,69.00,79.00,61.00,89.00,72.00,20.00,81.00,37.00,370.00,27.00,26.00,30.00,4.00,17.00,7.00,107.00,7.00,1.00,4.00,26.00
20-Apr,7.00,140.00,341.00,7.00,4.00,69.00,3097.00,8.00,747.00,351.00,590.00,21.00,63.00,60.00,96.00,74.00,79.00,72.00,89.00,74.00,20.00,83.00,37.00,370.00,27.00,26.00,34.00,4.00,17.00,7.00,107.00,7.00,1.00,4.00,27.00
21-Apr,7.00,150.00,341.00,8.00,8.00,72.00,3260.00,13.00,756.00,449.00,603.00,27.00,68.00,67.00,98.00,77.00,81.00,93.00,89.00,76.00,20.00,84.00,37.00,374.00,27.00,27.00,35.00,4.00,17.00,7.00,118.00,7.00,1.00,7.00,27.00
22-Apr,7.00,152.00,337.00,8.00,8.00,75.00,3383.00,13.00,762.00,479.00,638.00,31.00,69.00,82.00,107.00,77.00,81.00,108.00,89.00,81.00,20.00,93.00,37.00,387.00,29.00,27.00,35.00,12.00,17.00,8.00,123.00,8.00,1.00,7.00,27.00
23-Apr,7.00,167.00,337.00,9.00,8.00,76.00,3517.00,14.00,784.00,538.00,664.00,50.00,74.00,83.00,114.00,77.00,83.00,115.00,93.00,86.00,31.00,95.00,37.00,397.00,29.00,38.00,36.00,14.00,17.00,13.00,130.00,8.00,1.00,7.00,26.00
24-Apr,8.00,177.00,359.00,9.00,8.00,77.00,3599.00,18.00,862.00,575.00,690.00,50.00,85.00,94.00,132.00,77.00,83.00,153.00,106.00,96.00,36.00,96.00,41.00,420.00,32.00,38.00,36.00,14.00,17.00,15.00,136.00,33.00,1.00,12.00,26.00
25-Apr,9.00,183.00,370.00,9.00,8.00,79.00,3684.00,21.00,907.00,621.00,770.00,51.00,97.00,100.00,146.00,83.00,83.00,180.00,119.00,97.00,36.00,105.00,41.00,432.00,36.00,38.00,38.00,14.00,22.00,16.00,136.00,35.00,1.00,14.00,26.00
26-Apr,9.00,186.00,370.00,10.00,8.00,82.00,3798.00,32.00,912.00,649.00,785.00,51.00,105.00,104.00,146.00,89.00,85.00,195.00,129.00,102.00,40.00,111.00,45.00,440.00,36.00,42.00,39.00,26.00,22.00,16.00,141.00,35.00,1.00,15.00,26.00
27-Apr,9.00,194.00,382.00,10.00,8.00,83.00,3869.00,32.00,951.00,666.00,796.00,51.00,107.00,112.00,150.00,90.00,86.00,206.00,129.00,121.00,40.00,111.00,45.00,440.00,36.00,42.00,39.00,26.00,22.00,16.00,151.00,35.00,1.00,14.00,26.00
28-Apr,9.00,215.00,388.00,10.00,8.00,93.00,4002.00,32.00,969.00,682.00,857.00,51.00,115.00,121.00,150.00,92.00,89.00,221.00,143.00,144.00,43.00,111.00,45.00,453.00,42.00,44.00,40.00,26.00,22.00,37.00,177.00,37.00,1.00,15.00,27.00
29-Apr,9.00,215.00,388.00,10.00,12.00,94.00,4092.00,32.00,1009.00,711.00,872.00,58.00,119.00,127.00,157.00,92.00,89.00,230.00,144.00,145.00,44.00,114.00,53.00,465.00,47.00,46.00,41.00,26.00,23.00,37.00,189.00,38.00,1.00,15.00,27.00
30-Apr,10.00,222.00,404.00,10.00,12.00,95.00,4175.00,32.00,1012.00,724.00,958.00,58.00,134.00,145.00,170.00,100.00,89.00,230.00,150.00,148.00,45.00,117.00,62.00,491.00,47.00,46.00,41.00,40.00,23.00,37.00,205.00,42.00,3.00,15.00,26.00
1-May,11.00,235.00,418.00,19.00,12.00,104.00,4317.00,32.00,1012.00,746.00,1034.00,61.00,136.00,156.00,179.00,115.00,89.00,233.00,156.00,172.00,45.00,117.00,62.00,547.00,48.00,50.00,42.00,41.00,23.00,42.00,210.00,43.00,3.00,15.00,26.00
2-May,11.00,237.00,427.00,19.00,12.00,114.00,4397.00,32.00,1043.00,767.00,1037.00,68.00,154.00,157.00,179.00,122.00,89.00,250.00,156.00,182.00,45.00,117.00,64.00,577.00,59.00,50.00,45.00,41.00,23.00,43.00,240.00,44.00,3.00,15.00,24.00
3-May,12.00,262.00,432.00,20.00,12.00,115.00,4463.00,38.00,1054.00,776.00,1117.00,70.00,162.00,157.00,195.00,122.00,92.00,269.00,185.00,195.00,45.00,123.00,64.00,601.00,59.00,50.00,53.00,50.00,23.00,43.00,240.00,44.00,10.00,15.00,24.00
4-May,12.00,271.00,446.00,20.00,12.00,115.00,4539.00,38.00,1252.00,798.00,1124.00,73.00,167.00,180.00,198.00,130.00,92.00,269.00,185.00,203.00,45.00,129.00,64.00,607.00,59.00,54.00,58.00,50.00,23.00,43.00,240.00,44.00,10.00,15.00,24.00
5-May,12.00,277.00,458.00,28.00,12.00,121.00,4687.00,43.00,1300.00,849.00,1171.00,73.00,168.00,181.00,212.00,131.00,97.00,285.00,199.00,221.00,45.00,130.00,69.00,640.00,70.00,55.00,61.00,50.00,23.00,49.00,247.00,58.00,12.00,15.00,22.00
6-May,17.00,277.00,487.00,28.00,14.00,122.00,4770.00,47.00,1320.00,891.00,1221.00,90.00,182.00,186.00,225.00,131.00,98.00,289.00,210.00,238.00,45.00,141.00,69.00,665.00,70.00,63.00,61.00,50.00,23.00,53.00,248.00,58.00,12.00,15.00,22.00
7-May,17.00,287.00,495.00,28.00,14.00,137.00,4855.00,47.00,1381.00,904.00,1267.00,95.00,182.00,188.00,238.00,131.00,98.00,300.00,227.00,252.00,45.00,142.00,69.00,684.00,75.00,63.00,66.00,50.00,23.00,53.00,252.00,58.00,12.00,19.00,22.00
8-May,17.00,300.00,505.00,28.00,14.00,143.00,4955.00,47.00,1404.00,933.00,1284.00,95.00,209.00,188.00,246.00,131.00,100.00,312.00,227.00,270.00,47.00,157.00,70.00,708.00,75.00,66.00,69.00,50.00,32.00,53.00,265.00,60.00,12.00,19.00,21.00
9-May,17.00,306.00,523.00,28.00,37.00,146.00,5056.00,62.00,1437.00,959.00,1419.00,118.00,214.00,189.00,253.00,131.00,101.00,330.00,278.00,286.00,53.00,179.00,71.00,710.00,75.00,66.00,71.00,54.00,32.00,53.00,277.00,62.00,12.00,19.00,21.00
10-May,17.00,311.00,533.00,29.00,37.00,153.00,5190.00,64.00,1437.00,978.00,1502.00,120.00,218.00,193.00,263.00,131.00,101.00,330.00,278.00,299.00,71.00,179.00,76.00,722.00,83.00,66.00,73.00,54.00,32.00,70.00,308.00,62.00,12.00,19.00,21.00
11-May,17.00,314.00,541.00,29.00,37.00,159.00,5276.00,65.00,1493.00,980.00,1536.00,120.00,225.00,200.00,263.00,132.00,104.00,331.00,278.00,299.00,71.00,196.00,76.00,722.00,83.00,66.00,74.00,54.00,32.00,70.00,308.00,62.00,12.00,19.00,21.00
12-May,17.00,328.00,559.00,29.00,40.00,169.00,5375.00,65.00,1545.00,989.00,1669.00,123.00,228.00,204.00,277.00,132.00,106.00,339.00,279.00,319.00,74.00,198.00,76.00,747.00,95.00,66.00,81.00,54.00,50.00,70.00,322.00,68.00,16.00,19.00,21.00
13-May,17.00,332.00,580.00,29.00,40.00,181.00,5554.00,65.00,1556.00,1023.00,1772.00,129.00,230.00,220.00,291.00,138.00,111.00,344.00,322.00,339.00,82.00,200.00,167.00,803.00,101.00,66.00,88.00,78.00,50.00,70.00,328.00,73.00,19.00,19.00,21.00
14-May,17.00,337.00,593.00,29.00,42.00,185.00,5688.00,66.00,1565.00,1066.00,1863.00,129.00,238.00,223.00,294.00,138.00,111.00,350.00,441.00,371.00,83.00,202.00,166.00,840.00,111.00,66.00,94.00,81.00,62.00,88.00,332.00,74.00,19.00,21.00,21.00
15-May,17.00,343.00,622.00,29.00,53.00,188.00,5774.00,69.00,1596.00,1109.00,1921.00,129.00,251.00,227.00,363.00,141.00,115.00,358.00,458.00,393.00,105.00,202.00,183.00,871.00,112.00,66.00,95.00,85.00,62.00,88.00,335.00,74.00,19.00,22.00,21.00
16-May,18.00,346.00,626.00,29.00,56.00,194.00,5881.00,79.00,1618.00,1140.00,2105.00,131.00,253.00,227.00,370.00,153.00,116.00,365.00,458.00,396.00,114.00,202.00,189.00,917.00,113.00,66.00,95.00,88.00,62.00,102.00,350.00,75.00,47.00,23.00,21.00
17-May,18.00,348.00,650.00,29.00,65.00,199.00,6010.00,80.00,1652.00,1157.00,2152.00,132.00,254.00,227.00,372.00,155.00,116.00,371.00,521.00,408.00,114.00,218.00,191.00,951.00,115.00,67.00,99.00,92.00,84.00,105.00,383.00,75.00,59.00,24.00,21.00
18-May,18.00,359.00,677.00,29.00,66.00,200.00,6059.00,81.00,1677.00,1165.00,2296.00,132.00,255.00,227.00,438.00,155.00,127.00,375.00,537.00,409.00,116.00,225.00,191.00,1017.00,115.00,83.00,101.00,93.00,107.00,105.00,383.00,75.00,68.00,28.00,21.00
19-May,18.00,363.00,698.00,29.00,67.00,207.00,6155.00,84.00,1700.00,1175.00,2377.00,132.00,258.00,232.00,484.00,160.00,140.00,375.00,597.00,420.00,126.00,235.00,202.00,1064.00,115.00,84.00,106.00,95.00,107.00,105.00,389.00,77.00,71.00,28.00,21.00
20-May,18.00,371.00,699.00,35.00,67.00,209.00,6236.00,89.00,1876.00,1192.00,2496.00,132.00,264.00,241.00,547.00,160.00,140.00,393.00,646.00,428.00,152.00,250.00,202.00,1101.00,115.00,85.00,107.00,96.00,124.00,106.00,409.00,78.00,76.00,28.00,21.00
21-May,18.00,374.00,753.00,36.00,69.00,215.00,6301.00,89.00,1962.00,1217.00,2998.00,133.00,266.00,254.00,557.00,162.00,140.00,410.00,674.00,436.00,180.00,273.00,202.00,1135.00,117.00,101.00,108.00,97.00,135.00,110.00,410.00,86.00,79.00,44.00,21.00
22-May,19.00,380.00,768.00,36.00,69.00,220.00,6400.00,91.00,2002.00,1234.00,3129.00,140.00,271.00,290.00,572.00,163.00,141.00,464.00,693.00,438.00,198.00,285.00,211.00,1206.00,117.00,105.00,109.00,99.00,157.00,119.00,437.00,86.00,79.00,47.00,21.00
23-May,19.00,388.00,768.00,39.00,69.00,225.00,6515.00,91.00,2045.00,1288.00,3595.00,168.00,274.00,292.00,590.00,163.00,150.00,474.00,725.00,443.00,201.00,294.00,215.00,1264.00,121.00,105.00,110.00,99.00,157.00,129.00,494.00,86.00,79.00,49.00,21.00
24-May,19.00,394.00,789.00,39.00,69.00,226.00,6634.00,95.00,2091.00,1309.00,3663.00,168.00,276.00,308.00,599.00,164.00,154.00,478.00,736.00,478.00,230.00,311.00,215.00,1296.00,121.00,109.00,111.00,100.00,159.00,130.00,556.00,86.00,79.00,58.00,21.00
25-May,19.00,396.00,789.00,39.00,69.00,226.00,6709.00,97.00,2113.00,1311.00,3886.00,175.00,276.00,310.00,602.00,164.00,154.00,478.00,812.00,478.00,239.00,315.00,215.00,1319.00,121.00,116.00,111.00,107.00,160.00,130.00,567.00,86.00,82.00,58.00,21.00
26-May,19.00,407.00,807.00,39.00,69.00,226.00,6798.00,97.00,2130.00,1315.00,3943.00,176.00,277.00,322.00,630.00,164.00,154.00,488.00,868.00,513.00,265.00,315.00,215.00,1352.00,121.00,116.00,111.00,118.00,160.00,132.00,567.00,87.00,85.00,58.00,21.00
27-May,19.00,415.00,817.00,42.00,69.00,228.00,6895.00,97.00,2157.00,1326.00,4142.00,183.00,380.00,330.00,703.00,165.00,162.00,537.00,921.00,537.00,281.00,332.00,226.00,1381.00,121.00,118.00,111.00,119.00,170.00,132.00,581.00,88.00,85.00,60.00,21.00
28-May,20.00,420.00,831.00,42.00,71.00,228.00,7001.00,97.00,2181.00,1336.00,4313.00,184.00,281.00,337.00,819.00,165.00,175.00,562.00,942.00,541.00,297.00,362.00,240.00,1427.00,126.00,118.00,111.00,128.00,188.00,152.00,584.00,88.00,85.00,65.00,21.00
29-May,20.00,443.00,845.00,42.00,72.00,230.00,7128.00,97.00,2211.00,1350.00,4414.00,184.00,285.00,367.00,893.00,165.00,178.00,590.00,953.00,541.00,306.00,400.00,241.00,1468.00,126.00,131.00,117.00,139.00,215.00,158.00,640.00,88.00,90.00,68.00,21.00
30-May,20.00,455.00,858.00,45.00,86.00,233.00,7229.00,97.00,2231.00,1366.00,4613.00,184.00,291.00,398.00,893.00,165.00,196.00,594.00,963.00,552.00,322.00,406.00,241.00,1510.00,126.00,132.00,117.00,146.00,215.00,162.00,658.00,88.00,91.00,69.00,21.00
31-May,20.00,465.00,861.00,46.00,91.00,236.00,7348.00,97.00,2260.00,1403.00,4857.00,189.00,295.00,410.00,919.00,165.00,197.00,636.00,982.00,567.00,339.00,409.00,244.00,1541.00,128.00,133.00,117.00,153.00,223.00,168.00,675.00,92.00,92.00,94.00,21.00
1-Jun,20.00,482.00,867.00,46.00,91.00,237.00,7485.00,97.00,2294.00,1417.00,4922.00,196.00,297.00,419.00,948.00,165.00,197.00,652.00,995.00,567.00,339.00,417.00,244.00,1586.00,128.00,135.00,117.00,160.00,223.00,168.00,725.00,92.00,97.00,94.00,21.00
2-Jun,20.00,487.00,883.00,50.00,92.00,237.00,7541.00,97.00,2314.00,1432.00,5135.00,196.00,298.00,428.00,969.00,165.00,209.00,670.00,1019.00,574.00,354.00,418.00,244.00,1630.00,128.00,136.00,117.00,174.00,223.00,172.00,819.00,92.00,97.00,108.00,21.00
3-Jun,20.00,490.00,954.00,62.00,92.00,237.00,7623.00,97.00,2319.00,1455.00,5318.00,202.00,310.00,456.00,1033.00,165.00,209.00,685.00,1029.00,583.00,377.00,444.00,251.00,1668.00,129.00,136.00,117.00,176.00,238.00,172.00,858.00,92.00,97.00,118.00,21.00
4-Jun,20.00,510.00,965.00,72.00,92.00,237.00,7690.00,99.00,2354.00,1479.00,5408.00,202.00,316.00,469.00,1142.00,165.00,219.00,705.00,1056.00,594.00,382.00,488.00,252.00,1722.00,129.00,140.00,117.00,177.00,238.00,173.00,875.00,92.00,97.00,121.00,21.00
5-Jun,20.00,524.00,989.00,81.00,92.00,238.00,7766.00,101.00,2366.00,1537.00,5549.00,205.00,317.00,484.00,1213.00,167.00,223.00,757.00,1074.00,607.00,391.00,537.00,257.00,1776.00,136.00,141.00,117.00,178.00,254.00,175.00,918.00,92.00,97.00,121.00,21.00
6-Jun,20.00,557.00,1025.00,98.00,92.00,242.00,7870.00,103.00,2376.00,1564.00,5835.00,210.00,327.00,496.00,1247.00,168.00,227.00,798.00,1104.00,618.00,470.00,605.00,257.00,1840.00,139.00,143.00,118.00,185.00,261.00,178.00,1005.00,92.00,97.00,126.00,21.00
7-Jun,20.00,582.00,1035.00,102.00,92.00,244.00,8033.00,103.00,2404.00,1615.00,5948.00,210.00,329.00,496.00,1285.00,169.00,228.00,808.00,1129.00,626.00,495.00,605.00,259.00,1904.00,159.00,144.00,118.00,186.00,269.00,179.00,1064.00,94.00,97.00,134.00,21.00
8-Jun,20.00,594.00,1047.00,102.00,92.00,247.00,8121.00,103.00,2424.00,1642.00,6313.00,210.00,338.00,504.00,1347.00,169.00,228.00,822.00,1158.00,626.00,510.00,607.00,259.00,2014.00,159.00,145.00,118.00,186.00,307.00,179.00,1090.00,94.00,103.00,134.00,21.00
9-Jun,20.00,608.00,1061.00,121.00,92.00,249.00,8355.00,103.00,2448.00,1674.00,6533.00,234.00,351.00,522.00,1438.00,170.00,228.00,830.00,1188.00,645.00,551.00,618.00,263.00,2194.00,159.00,148.00,120.00,190.00,315.00,183.00,1108.00,94.00,103.00,139.00,21.00
10-Jun,22.00,640.00,1096.00,123.00,92.00,250.00,8503.00,105.00,2506.00,1813.00,6806.00,245.00,362.00,537.00,1565.00,170.00,228.00,857.00,1229.00,659.00,546.00,635.00,266.00,2383.00,159.00,150.00,120.00,227.00,328.00,191.00,1137.00,95.00,105.00,145.00,21.00
11-Jun,22.00,659.00,1121.00,126.00,92.00,252.00,8650.00,105.00,2551.00,1832.00,7103.00,245.00,365.00,552.00,1634.00,170.00,238.00,868.00,1271.00,661.00,579.00,680.00,272.00,2524.00,159.00,152.00,120.00,263.00,328.00,195.00,1156.00,96.00,105.00,149.00,
12-Jun,22.00,695.00,1157.00,132.00,95.00,262.00,8740.00,106.00,2572.00,1876.00,7421.00,267.00,373.00,565.00,1694.00,170.00,238.00,891.00,1304.00,671.00,644.00,768.00,277.00,2582.00,159.00,153.00,120.00,285.00,387.00,200.00,1197.00,97.00,105.00,181.00,
13-Jun,22.00,723.00,1231.00,136.00,98.00,264.00,8861.00,108.00,2587.00,1946.00,7597.00,267.00,376.00,586.00,1817.00,170.00,239.00,904.00,1326.00,674.00,651.00,862.00,279.00,2707.00,168.00,165.00,125.00,302.00,400.00,205.00,1237.00,97.00,105.00,185.00,
14-Jun,27.00,741.00,1240.00,144.00,101.00,269.00,8978.00,108.00,2604.00,2059.00,7793.00,268.00,378.00,586.00,1887.00,170.00,239.00,915.00,1396.00,681.00,658.00,872.00,283.00,2840.00,170.00,166.00,125.00,310.00,421.00,208.00,1249.00,98.00,108.00,185.00,
15-Jun,27.00,760.00,1243.00,144.00,101.00,272.00,9120.00,108.00,2623.00,2175.00,8063.00,268.00,382.00,631.00,1953.00,170.00,254.00,937.00,1448.00,681.00,676.00,932.00,286.00,2941.00,171.00,166.00,126.00,312.00,452.00,209.00,1249.00,98.00,108.00,208.00,
16-Jun,27.00,782.00,1277.00,145.00,104.00,273.00,9222.00,108.00,2662.00,2231.00,8308.00,270.00,392.00,657.00,2122.00,171.00,254.00,957.00,1498.00,687.00,701.00,957.00,291.00,3116.00,172.00,166.00,126.00,312.00,496.00,212.00,1281.00,98.00,108.00,214.00,
17-Jun,37.00,829.00,1309.00,147.00,105.00,276.00,9349.00,109.00,2703.00,2346.00,8533.00,282.00,397.00,702.00,2208.00,171.00,263.00,978.00,1541.00,691.00,736.00,970.00,292.00,3200.00,172.00,169.00,128.00,322.00,520.00,214.00,1311.00,99.00,108.00,214.00,
18-Jun,38.00,895.00,1327.00,147.00,105.00,276.00,9516.00,109.00,2758.00,2391.00,8917.00,282.00,405.00,738.00,2326.00,171.00,263.00,1008.00,1596.00,696.00,761.00,993.00,326.00,3366.00,172.00,171.00,134.00,343.00,537.00,219.00,1350.00,104.00,108.00,214.00,
19-Jun,38.00,976.00,1331.00,147.00,107.00,277.00,9655.00,112.00,2805.00,2471.00,9057.00,296.00,417.00,738.00,2392.00,173.00,263.00,1022.00,1680.00,700.00,784.00,1024.00,329.00,3573.00,173.00,172.00,142.00,383.00,544.00,222.00,1368.00,104.00,108.00,220.00,
20-Jun,39.00,1013.00,1347.00,148.00,116.00,285.00,9829.00,112.00,2828.00,2569.00,9451.00,298.00,423.00,764.00,2475.00,175.00,264.00,1051.00,1721.00,703.00,809.00,1082.00,332.00,3685.00,173.00,180.00,142.00,400.00,581.00,222.00,1380.00,104.00,108.00,220.00,
21-Jun,49.00,1050.00,1355.00,148.00,116.00,288.00,9971.00,112.00,2848.00,2668.00,9542.00,298.00,434.00,764.00,2569.00,176.00,279.00,1056.00,1779.00,707.00,853.00,1095.00,332.00,3797.00,173.00,181.00,142.00,411.00,603.00,224.00,1429.00,104.00,111.00,227.00,
22-Jun,49.00,1080.00,1361.00,148.00,116.00,288.00,10098.00,112.00,2865.00,2717.00,9857.00,298.00,435.00,785.00,2658.00,177.00,281.00,1067.00,1839.00,707.00,854.00,1115.00,334.00,3908.00,176.00,181.00,166.00,431.00,633.00,224.00,1440.00,104.00,111.00,230.00,
23-Jun,49.00,1116.00,1373.00,148.00,118.00,291.00,10250.00,114.00,2901.00,2766.00,10115.00,313.00,447.00,796.00,2685.00,177.00,281.00,1081.00,1855.00,712.00,861.00,1232.00,336.00,4062.00,179.00,181.00,193.00,465.00,634.00,224.00,1495.00,104.00,111.00,231.00,
24-Jun,53.00,1158.00,1390.00,148.00,118.00,292.00,10404.00,114.00,2945.00,2842.00,10298.00,313.00,456.00,800.00,2775.00,179.00,284.00,1102.00,1869.00,715.00,892.00,1287.00,337.00,4194.00,180.00,183.00,217.00,560.00,671.00,225.00,1554.00,105.00,111.00,238.00,
25-Jun,66.00,1214.00,1399.00,148.00,120.00,299.00,10600.00,114.00,2977.00,2920.00,10545.00,313.00,473.00,810.00,2835.00,188.00,291.00,1119.00,1893.00,717.00,938.00,1356.00,337.00,4297.00,181.00,187.00,220.00,640.00,684.00,233.00,1613.00,106.00,111.00,243.00,
26-Jun,69.00,1263.00,1414.00,148.00,124.00,302.00,10796.00,114.00,3014.00,3097.00,10901.00,313.00,483.00,817.00,2876.00,197.00,291.00,1142.00,1907.00,720.00,984.00,1370.00,341.00,4469.00,183.00,187.00,223.00,661.00,691.00,233.00,1633.00,108.00,113.00,243.00,
27-Jun,77.00,1369.00,1432.00,149.00,125.00,304.00,10994.00,117.00,3064.00,3294.00,11178.00,321.00,494.00,822.00,2930.00,201.00,291.00,1163.00,1950.00,722.00,1039.00,1447.00,343.00,4615.00,184.00,188.00,223.00,698.00,705.00,234.00,1670.00,112.00,113.00,243.00,1.00
28-Jun,79.00,1414.00,1438.00,149.00,125.00,306.00,11114.00,117.00,3091.00,3482.00,11508.00,321.00,503.00,834.00,3003.00,201.00,293.00,1199.00,2000.00,725.00,1057.00,1467.00,343.00,4807.00,186.00,188.00,224.00,719.00,711.00,236.00,1696.00,114.00,113.00,243.00,4.00
29-Jun,79.00,1444.00,1444.00,152.00,125.00,306.00,11237.00,117.00,3134.00,3680.00,11805.00,321.00,510.00,881.00,3042.00,204.00,293.00,1213.00,2023.00,725.00,1082.00,1480.00,345.00,4995.00,186.00,188.00,226.00,719.00,726.00,237.00,1699.00,114.00,113.00,243.00,4.00
30-Jun,80.00,1493.00,1453.00,152.00,125.00,313.00,11424.00,117.00,3218.00,3833.00,12136.00,321.00,518.00,894.00,3148.00,206.00,293.00,1234.00,2049.00,726.00,1109.00,1551.00,363.00,5084.00,189.00,190.00,226.00,728.00,742.00,239.00,1750.00,115.00,113.00,249.00,4.00
1-Jul,86.00,1527.00,1466.00,155.00,129.00,314.00,11637.00,117.00,3276.00,4006.00,12321.00,336.00,525.00,931.00,3223.00,206.00,302.00,1245.00,2078.00,742.00,1129.00,1601.00,405.00,5214.00,186.00,191.00,227.00,875.00,749.00,242.00,1846.00,117.00,113.00,249.00,4.00
2-Jul,86.00,1640.00,1474.00,155.00,130.00,320.00,11823.00,117.00,3344.00,4159.00,12695.00,336.00,531.00,946.00,3337.00,206.00,307.00,1260.00,2120.00,750.00,1159.00,1690.00,464.00,5379.00,186.00,193.00,228.00,940.00,762.00,244.00,1916.00,119.00,118.00,256.00,4.00
3-Jul,87.00,1706.00,1495.00,157.00,136.00,324.00,11961.00,117.00,3374.00,4293.00,13048.00,336.00,544.00,996.00,3447.00,206.00,310.00,1283.00,2156.00,760.00,1178.00,1723.00,475.00,5559.00,186.00,193.00,232.00,950.00,769.00,249.00,1942.00,120.00,118.00,261.00,4.00
4-Jul,87.00,1797.00,1508.00,161.00,137.00,325.00,12183.00,117.00,3463.00,4403.00,13461.00,336.00,557.00,1004.00,3520.00,206.00,311.00,1311.00,2205.00,762.00,1192.00,1767.00,479.00,5754.00,191.00,193.00,233.00,953.00,776.00,253.00,1984.00,124.00,118.00,269.00,2.00
5-Jul,87.00,1849.00,1513.00,163.00,141.00,331.00,12435.00,120.00,3574.00,4611.00,14013.00,339.00,584.00,1032.00,3564.00,206.00,313.00,1330.00,2255.00,775.00,1208.00,1778.00,482.00,5890.00,191.00,195.00,234.00,953.00,794.00,255.00,2021.00,124.00,118.00,269.00,2.00
6-Jul,87.00,1900.00,1525.00,169.00,141.00,339.00,12667.00,120.00,3700.00,4738.00,14321.00,339.00,597.00,1040.00,3628.00,206.00,313.00,1362.00,2326.00,775.00,1218.00,1798.00,484.00,5974.00,191.00,201.00,235.00,953.00,804.00,265.00,2027.00,124.00,118.00,271.00,2.00
7-Jul,88.00,1940.00,1531.00,171.00,144.00,346.00,12857.00,121.00,3779.00,4878.00,14601.00,344.00,603.00,1058.00,3695.00,206.00,313.00,1392.00,2356.00,780.00,1252.00,1821.00,487.00,6192.00,191.00,201.00,236.00,967.00,830.00,266.00,2057.00,127.00,118.00,276.00,2.00
8-Jul,89.00,1971.00,1544.00,171.00,151.00,349.00,13211.00,121.00,3878.00,5083.00,14967.00,344.00,617.00,1073.00,3818.00,206.00,318.00,1415.00,2419.00,780.00,1342.00,1977.00,494.00,6358.00,193.00,202.00,236.00,1037.00,837.00,266.00,2074.00,129.00,121.00,286.00,2.00
9-Jul,90.00,2024.00,1559.00,171.00,155.00,357.00,13488.00,122.00,4843.00,5203.00,15484.00,347.00,623.00,1096.00,3926.00,214.00,321.00,1444.00,2475.00,785.00,1468.00,2085.00,500.00,6488.00,193.00,203.00,238.00,1077.00,845.00,272.00,2101.00,130.00,121.00,286.00,2.00
10-Jul,90.00,2110.00,1573.00,171.00,158.00,364.00,13739.00,122.00,4951.00,5303.00,15730.00,347.00,642.00,1131.00,3990.00,214.00,321.00,1480.00,2568.00,791.00,1570.00,2197.00,507.00,6620.00,193.00,205.00,238.00,1101.00,858.00,276.00,2181.00,135.00,121.00,316.00,34.00
11-Jul,99.00,2147.00,1581.00,172.00,162.00,370.00,14113.00,122.00,5027.00,5403.00,16140.00,347.00,673.00,1157.00,4069.00,214.00,327.00,1520.00,2604.00,794.00,1637.00,2284.00,509.00,6800.00,193.00,205.00,239.00,1122.00,864.00,282.00,2204.00,138.00,121.00,345.00,34.00
12-Jul,106.00,2195.00,1593.00,172.00,163.00,371.00,14517.00,122.00,5077.00,5473.00,16658.00,350.00,690.00,1196.00,4146.00,214.00,332.00,1550.00,2653.00,800.00,1660.00,2323.00,511.00,6973.00,193.00,208.00,240.00,1130.00,874.00,286.00,2267.00,142.00,121.00,359.00,34.00
13-Jul,106.00,2257.00,1600.00,172.00,163.00,379.00,14797.00,122.00,5160.00,5573.00,16877.00,355.00,695.00,1222.00,4218.00,215.00,332.00,1573.00,2703.00,800.00,1680.00,2367.00,518.00,7097.00,193.00,209.00,243.00,1143.00,900.00,286.00,2365.00,143.00,121.00,363.00,34.00
14-Jul,110.00,2358.00,1609.00,174.00,168.00,387.00,15064.00,124.00,5235.00,5653.00,17230.00,355.00,722.00,1254.00,4379.00,215.00,337.00,1594.00,2754.00,803.00,1697.00,2497.00,521.00,7294.00,194.00,209.00,246.00,1145.00,900.00,292.00,2366.00,146.00,121.00,385.00,34.00
15-Jul,137.00,2421.00,1612.00,175.00,170.00,396.00,15324.00,125.00,5310.00,5914.00,17395.00,355.00,756.00,1254.00,4488.00,215.00,341.00,1620.00,2784.00,805.00,1741.00,2596.00,531.00,7452.00,195.00,215.00,246.00,1184.00,920.00,292.00,2426.00,152.00,121.00,392.00,34.00
16-Jul,140.00,2533.00,1629.00,175.00,171.00,404.00,15636.00,125.00,5350.00,6128.00,17574.00,359.00,780.00,1266.00,4621.00,215.00,341.00,1650.00,2832.00,806.00,1769.00,2693.00,540.00,7630.00,195.00,219.00,251.00,1221.00,926.00,296.00,2478.00,154.00,121.00,416.00,24.00
17-Jul,145.00,2619.00,1638.00,175.00,173.00,408.00,15889.00,126.00,5402.00,6366.00,17829.00,359.00,823.00,1324.00,4722.00,216.00,341.00,1671.00,2899.00,813.00,1797.00,2776.00,554.00,7713.00,195.00,220.00,256.00,1232.00,928.00,301.00,2496.00,154.00,121.00,425.00,24.00
18-Jul,145.00,2690.00,1646.00,176.00,179.00,416.00,16236.00,132.00,5461.00,6632.00,18033.00,359.00,848.00,1324.00,4829.00,216.00,344.00,1694.00,2966.00,817.00,1851.00,2923.00,575.00,7881.00,195.00,229.00,261.00,1265.00,929.00,339.00,2552.00,158.00,131.00,426.00,24.00
19-Jul,146.00,2745.00,1674.00,176.00,181.00,432.00,16538.00,132.00,5488.00,6932.00,18308.00,359.00,868.00,1399.00,4938.00,216.00,345.00,1725.00,3012.00,826.00,1898.00,2937.00,587.00,8039.00,196.00,231.00,272.00,1273.00,960.00,341.00,2601.00,159.00,131.00,432.00,24.00
20-Jul,148.00,2781.00,1682.00,180.00,181.00,438.00,16899.00,132.00,5548.00,7286.00,18545.00,359.00,893.00,1399.00,4990.00,217.00,345.00,1759.00,3054.00,828.00,1962.00,2952.00,635.00,8164.00,196.00,231.00,287.00,1287.00,979.00,368.00,2640.00,166.00,134.00,537.00,12.00
21-Jul,149.00,2856.00,1693.00,180.00,181.00,465.00,17279.00,134.00,5659.00,7407.00,18828.00,359.00,964.00,1412.00,5083.00,217.00,345.00,1777.00,3112.00,836.00,2000.00,2994.00,671.00,8257.00,196.00,232.00,310.00,1328.00,998.00,371.00,2646.00,167.00,137.00,616.00,10.00
22-Jul,151.00,2934.00,1697.00,181.00,185.00,486.00,17621.00,136.00,5741.00,7726.00,19093.00,359.00,994.00,1448.00,5216.00,217.00,349.00,1789.00,3149.00,846.00,2077.00,3163.00,685.00,8407.00,196.00,237.00,348.00,1336.00,998.00,376.00,2678.00,169.00,137.00,616.00,10.00
23-Jul,158.00,2996.00,1707.00,182.00,195.00,496.00,18068.00,136.00,5824.00,8021.00,19450.00,359.00,1034.00,1475.00,5332.00,218.00,349.00,1822.00,3165.00,849.00,2120.00,3263.00,712.00,8527.00,200.00,246.00,350.00,1345.00,1010.00,386.00,2724.00,171.00,137.00,620.00,10.00
24-Jul,162.00,3058.00,1719.00,185.00,195.00,519.00,18365.00,138.00,5915.00,8145.00,19946.00,359.00,1072.00,1520.00,5422.00,218.00,351.00,1850.00,3211.00,852.00,2162.00,3320.00,735.00,8612.00,201.00,246.00,362.00,1372.00,1010.00,387.00,2792.00,175.00,137.00,694.00,10.00
25-Jul,168.00,3114.00,1724.00,186.00,200.00,536.00,18741.00,139.00,5988.00,8336.00,20256.00,365.00,1134.00,1587.00,5540.00,266.00,354.00,1883.00,3228.00,864.00,2216.00,3371.00,752.00,8748.00,201.00,247.00,367.00,1409.00,1016.00,388.00,2832.00,187.00,137.00,796.00,10.00
26-Jul,168.00,3157.00,1738.00,188.00,200.00,543.00,19125.00,139.00,6039.00,8412.00,20539.00,365.00,1166.00,1632.00,5656.00,266.00,355.00,1903.00,3251.00,869.00,2263.00,3390.00,768.00,8881.00,202.00,250.00,378.00,1441.00,1046.00,392.00,2889.00,192.00,145.00,820.00,10.00
27-Jul,168.00,3219.00,1748.00,191.00,200.00,558.00,19592.00,139.00,6084.00,8622.00,20812.00,365.00,1184.00,1653.00,5689.00,266.00,355.00,1926.00,3275.00,869.00,2313.00,3438.00,769.00,8991.00,202.00,252.00,382.00,1455.00,1046.00,396.00,2945.00,193.00,145.00,851.00,10.00
28-Jul,193.00,3249.00,1757.00,191.00,210.00,572.00,19995.00,139.00,6218.00,8807.00,21125.00,381.00,1250.00,1677.00,5782.00,268.00,362.00,1946.00,3296.00,874.00,2357.00,3518.00,769.00,9123.00,206.00,252.00,409.00,1493.00,1068.00,397.00,2962.00,195.00,145.00,855.00,10.00
29-Jul,238.00,3310.00,1772.00,193.00,212.00,587.00,20572.00,154.00,6314.00,9120.00,21484.00,381.00,1307.00,1677.00,5884.00,268.00,370.00,1986.00,3330.00,891.00,2415.00,3759.00,776.00,9251.00,207.00,252.00,415.00,1524.00,1069.00,413.00,2988.00,201.00,145.00,957.00,10.00
30-Jul,312.00,3360.00,1801.00,193.00,214.00,610.00,20969.00,156.00,6461.00,9281.00,21772.00,381.00,1377.00,1701.00,5970.00,280.00,370.00,2022.00,3387.00,907.00,2502.00,3827.00,782.00,9346.00,207.00,255.00,426.00,1530.00,1093.00,430.00,3021.00,223.00,145.00,1015.00,10.00
31-Jul,415.00,3407.00,1835.00,193.00,217.00,674.00,21399.00,162.00,6532.00,9516.00,22089.00,387.00,1426.00,1729.00,6098.00,283.00,447.00,2065.00,3417.00,948.00,2580.00,3931.00,782.00,9422.00,207.00,255.00,445.00,1530.00,1093.00,433.00,3059.00,230.00,145.00,1015.00,10.00
1-Aug,415.00,3448.00,1858.00,193.00,218.00,741.00,21767.00,168.00,6584.00,9659.00,22324.00,387.00,1433.00,1760.00,6160.00,284.00,491.00,2065.00,3427.00,948.00,2648.00,3962.00,787.00,9552.00,207.00,255.00,446.00,1543.00,1124.00,451.00,3087.00,232.00,145.00,1157.00,10.00
2-Aug,431.00,3488.00,1870.00,193.00,235.00,760.00,22144.00,169.00,6637.00,9732.00,22504.00,387.00,1516.00,1777.00,6192.00,284.00,493.00,2115.00,3444.00,957.00,2668.00,4136.00,787.00,9647.00,213.00,271.00,456.00,1557.00,1135.00,460.00,3114.00,238.00,151.00,1284.00,10.00
3-Aug,433.00,3529.00,1891.00,196.00,235.00,772.00,22616.00,169.00,6693.00,9827.00,22982.00,387.00,1538.00,1791.00,6238.00,284.00,493.00,2150.00,3455.00,974.00,2746.00,4193.00,789.00,9744.00,213.00,297.00,506.00,1562.00,1135.00,460.00,3114.00,239.00,151.00,1322.00,10.00
4-Aug,440.00,3578.00,1924.00,196.00,238.00,784.00,23026.00,188.00,6787.00,9887.00,23412.00,387.00,1598.00,1844.00,6357.00,287.00,493.00,2171.00,3490.00,987.00,2776.00,4261.00,859.00,9861.00,213.00,297.00,577.00,1568.00,1146.00,471.00,3164.00,241.00,151.00,1387.00,10.00
5-Aug,442.00,3617.00,1947.00,197.00,239.00,801.00,23380.00,193.00,6912.00,10036.00,23829.00,387.00,1665.00,1849.00,6411.00,287.00,500.00,2197.00,3553.00,1006.00,2794.00,4391.00,892.00,9987.00,215.00,298.00,606.00,1575.00,1175.00,481.00,3175.00,245.00,152.00,1427.00,10.00
6-Aug,483.00,3644.00,1979.00,197.00,240.00,819.00,23936.00,193.00,6995.00,10151.00,24115.00,394.00,1701.00,1874.00,6478.00,291.00,500.00,2224.00,3602.00,1038.00,2822.00,4477.00,951.00,10169.00,215.00,299.00,621.00,1582.00,1221.00,492.00,3192.00,265.00,152.00,1431.00,10.00
7-Aug,536.00,3682.00,2013.00,200.00,240.00,838.00,24601.00,205.00,7147.00,10383.00,24493.00,397.00,1799.00,1911.00,6535.00,291.00,517.00,2239.00,3623.00,1079.00,2840.00,4693.00,978.00,10257.00,216.00,303.00,656.00,1613.00,1292.00,536.00,3215.00,267.00,152.00,1469.00,10.00
8-Aug,536.00,3720.00,2035.00,200.00,243.00,854.00,25287.00,210.00,7387.00,10471.00,24922.00,397.00,1834.00,1977.00,6617.00,292.00,526.00,2263.00,3675.00,1102.00,2860.00,4794.00,998.00,10364.00,216.00,307.00,706.00,1670.00,1298.00,551.00,3215.00,275.00,152.00,1549.00,0.00
9 Aug,580.00,3779.00,2059.00,201.00,252.00,862.00,25727.00,210.00,7566.00,10611.00,25330.00,410.00,1887.00,2007.00,6715.00,294.00,534.00,2290.00,3694.00,1140.00,2904.00,4819.00,1020.00,10454.00,216.00,307.00,732.00,1674.00,1330.00,552.00,3257.00,275.00,152.00,1556.00,
10 Aug,676.00,3817.00,2082.00,203.00,253.00,876.00,26162.00,210.00,7599.00,10679.00,25626.00,416.00,1932.00,2050.00,6765.00,296.00,555.00,2316.00,3713.00,1176.00,2976.00,4948.00,1020.00,10531.00,216.00,316.00,773.00,1680.00,1345.00,557.00,3278.00,275.00,152.00,1614.00,0.00
11 Aug,676.00,3862.00,2101.00,203.00,258.00,880.00,26624.00,210.00,7694.00,10765.00,25917.00,420.00,2060.00,2081.00,6836.00,299.00,572.00,2338.00,3735.00,1189.00,3012.00,5155.00,1052.00,10585.00,216.00,318.00,789.00,1691.00,1347.00,558.00,3279.00,282.00,155.00,1617.00,0.00
12 Aug,748.00,3892.00,2150.00,203.00,260.00,900.00,27153.00,215.00,7803.00,10944.00,26220.00,429.00,2106.00,2087.00,6889.00,303.00,599.00,2362.00,3778.00,1216.00,3025.00,5264.00,1076.00,10675.00,220.00,320.00,821.00,1709.00,1367.00,571.00,3305.00,282.00,162.00,1664.00,0.00
13 Aug,748.00,3927.00,2187.00,203.00,264.00,911.00,27761.00,215.00,7914.00,11148.00,26561.00,439.00,2129.00,2131.00,6934.00,312.00,613.00,2375.00,3805.00,1258.00,3150.00,5358.00,1106.00,10756.00,220.00,327.00,889.00,1717.00,1406.00,595.00,3336.00,287.00,162.00,1672.00,0.00
14 Aug,840.00,3980.00,2208.00,205.00,274.00,946.00,28299.00,222.00,8275.00,11340.00,26979.00,444.00,2227.00,2151.00,6989.00,312.00,625.00,2399.00,3844.00,1300.00,3211.00,5427.00,1139.00,10793.00,223.00,332.00,918.00,1729.00,1416.00,595.00,3345.00,299.00,162.00,1675.00,0.00
15 Aug,865.00,4024.00,2241.00,207.00,277.00,992.00,28882.00,225.00,8512.00,11471.00,27415.00,447.00,2283.00,2188.00,7051.00,325.00,647.00,2421.00,3880.00,1337.00,3261.00,5622.00,1167.00,10895.00,223.00,332.00,959.00,1739.00,1448.00,601.00,3345.00,306.00,165.00,1715.00,0.00
16 Aug,876.00,4065.00,2284.00,212.00,279.00,1025.00,29400.00,225.00,8595.00,11639.00,27903.00,447.00,2369.00,2188.00,7151.00,328.00,657.00,2436.00,3909.00,1350.00,3282.00,5673.00,1202.00,11051.00,223.00,341.00,983.00,1741.00,1495.00,605.00,3422.00,307.00,165.00,1721.00,0.00
17 Aug,1044.00,4110.00,2301.00,214.00,279.00,1041.00,29952.00,245.00,8640.00,11675.00,28239.00,447.00,2485.00,2215.00,7241.00,329.00,664.00,2458.00,3910.00,1376.00,3288.00,5690.00,1216.00,11148.00,227.00,343.00,1017.00,1744.00,1521.00,607.00,3432.00,319.00,165.00,1788.00,0.00
18 Aug,1069.00,4158.00,2364.00,216.00,280.00,1059.00,30465.00,245.00,8685.00,11793.00,28551.00,452.00,2578.00,2258.00,7281.00,329.00,664.00,2481.00,3919.00,1413.00,3315.00,5820.00,1217.00,11187.00,228.00,343.00,1039.00,1746.00,1530.00,620.00,3432.00,320.00,165.00,1821.00,0.00
19 Aug,1132.00,4220.00,2411.00,219.00,286.00,1090.00,31016.00,250.00,8789.00,11924.00,28886.00,456.00,2669.00,2258.00,7363.00,332.00,679.00,2505.00,3964.00,1439.00,3336.00,5898.00,1217.00,11219.00,233.00,346.00,1050.00,1756.00,1553.00,634.00,3453.00,322.00,165.00,1875.00,0.00
20 Aug,1137.00,4292.00,2434.00,220.00,286.00,1138.00,31610.00,250.00,8988.00,12092.00,29257.00,471.00,2697.00,2291.00,7544.00,337.00,680.00,2526.00,3988.00,1483.00,3401.00,5957.00,1277.00,11278.00,233.00,352.00,1097.00,1761.00,1611.00,640.00,3520.00,323.00,165.00,1875.00,0.00
21 Aug,1141.00,4368.00,2470.00,222.00,287.00,1163.00,32267.00,271.00,9081.00,12188.00,29715.00,500.00,2892.00,2314.00,7618.00,339.00,701.00,2550.00,4037.00,1528.00,3451.00,5978.00,1299.00,11376.00,235.00,353.00,1132.00,1761.00,1611.00,643.00,3534.00,331.00,165.00,1887.00,0.00
22 Aug,1211.00,4446.00,2512.00,226.00,288.00,1178.00,32855.00,274.00,9215.00,12288.00,30036.00,533.00,3021.00,2348.00,7696.00,340.00,701.00,2564.00,4091.00,1565.00,3522.00,6051.00,1310.00,11437.00,236.00,356.00,1195.00,1770.00,1615.00,647.00,3567.00,347.00,170.00,1887.00,0.00
23 Aug,1211.00,4513.00,2544.00,228.00,288.00,1193.00,33470.00,274.00,9283.00,12476.00,30315.00,566.00,3101.00,2410.00,7777.00,349.00,745.00,2582.00,4125.00,1633.00,3552.00,6129.00,1323.00,11470.00,238.00,362.00,1237.00,1774.00,1669.00,649.00,3567.00,352.00,171.00,1959.00,0.00
24 Aug,1241.00,4576.00,2605.00,228.00,289.00,1207.00,34103.00,274.00,9420.00,12628.00,30635.00,578.00,3145.00,2427.00,7838.00,357.00,756.00,2596.00,4157.00,1659.00,3554.00,6166.00,1327.00,11516.00,239.00,365.00,1279.00,1778.00,1677.00,659.00,3650.00,353.00,171.00,1959.00,0.00
25 Aug,1261.00,4650.00,2637.00,231.00,300.00,1248.00,34740.00,281.00,9670.00,12826.00,30998.00,605.00,3286.00,2438.00,7920.00,360.00,767.00,2613.00,4202.00,1736.00,3598.00,6300.00,1365.00,11568.00,239.00,369.00,1319.00,1779.00,1742.00,659.00,3650.00,360.00,172.00,1970.00,0.00
26 Aug,1291.00,4726.00,2666.00,235.00,303.00,1264.00,35453.00,289.00,9848.00,12973.00,31329.00,605.00,3420.00,2446.00,7974.00,361.00,775.00,2641.00,4223.00,1823.00,3613.00,6437.00,1402.00,11638.00,239.00,371.00,1361.00,1809.00,1748.00,711.00,3686.00,362.00,173.00,1970.00,0.00
27 Aug,1399.00,4808.00,2725.00,235.00,305.00,1306.00,36213.00,296.00,10002.00,13225.00,31696.00,611.00,3626.00,2464.00,8013.00,361.00,825.00,2662.00,4248.00,1864.00,3652.00,6541.00,1452.00,11680.00,239.00,376.00,1460.00,1825.00,1781.00,720.00,3709.00,368.00,174.00,2023.00,0.00
28 Aug,1449.00,4901.00,2767.00,235.00,329.00,1326.00,37082.00,302.00,10528.00,13467.00,32113.00,611.00,3723.00,2464.00,8081.00,373.00,861.00,2685.00,4305.00,1890.00,3686.00,6627.00,1501.00,11756.00,240.00,378.00,1526.00,1840.00,1785.00,726.00,3735.00,384.00,176.00,2035.00,0.00
29 Aug,1546.00,4989.00,2827.00,235.00,332.00,1373.00,37943.00,302.00,10815.00,13647.00,32754.00,627.00,3923.00,2482.00,8192.00,379.00,900.00,2727.00,4361.00,1978.00,3751.00,6730.00,1539.00,11841.00,241.00,382.00,1605.00,1840.00,1812.00,746.00,3771.00,388.00,176.00,2041.00,0.00
30 Aug,1600.00,5078.00,2872.00,239.00,343.00,1397.00,39037.00,302.00,10918.00,13785.00,33220.00,645.00,4120.00,2507.00,8256.00,382.00,900.00,2728.00,4401.00,2068.00,3833.00,6769.00,1565.00,11870.00,241.00,389.00,1739.00,1858.00,1832.00,752.00,3796.00,393.00,177.00,2041.00,0.00
31 Aug,1633.00,5207.00,2903.00,239.00,343.00,1425.00,40086.00,302.00,11063.00,13964.00,33543.00,645.00,4244.00,2548.00,8288.00,384.00,990.00,2742.00,4454.00,2157.00,3848.00,6827.00,1566.00,11978.00,243.00,395.00,1846.00,1860.00,1857.00,807.00,3796.00,395.00,177.00,2041.00,0.00
1 Sep,1649.00,5367.00,2929.00,239.00,349.00,1445.00,40987.00,302.00,11278.00,14164.00,33893.00,653.00,4305.00,2585.00,8357.00,392.00,1017.00,2758.00,4486.00,2240.00,3893.00,6942.00,1608.00,12057.00,244.00,399.00,1924.00,1866.00,1900.00,831.00,3862.00,396.00,179.00,2075.00,0.00
2 Sep,1697.00,5536.00,2997.00,239.00,353.00,1474.00,42041.00,303.00,11481.00,14428.00,34278.00,659.00,4377.00,2585.00,8416.00,396.00,1064.00,2772.00,4520.00,2328.00,3908.00,7124.00,1623.00,12194.00,245.00,410.00,2031.00,1871.00,1910.00,836.00,3873.00,396.00,191.00,2090.00,0.00
3 Sep,1794.00,5710.00,3031.00,240.00,361.00,1507.00,43400.00,303.00,11719.00,14670.00,34655.00,674.00,4534.00,2636.00,8527.00,422.00,1100.00,2786.00,4583.00,2372.00,3942.00,7265.00,1629.00,12244.00,249.00,424.00,2137.00,1878.00,1961.00,861.00,3901.00,402.00,200.00,2151.00,0.00
4 Sep,1884.00,5906.00,3053.00,242.00,364.00,1525.00,44280.00,304.00,12104.00,14860.00,35005.00,685.00,4815.00,2689.00,8576.00,426.00,1165.00,2795.00,4618.00,2437.00,3972.00,7390.00,1661.00,12321.00,249.00,428.00,2267.00,1887.00,2004.00,888.00,3973.00,402.00,202.00,2160.00,0.00
5 Sep,1945.00,6071.00,3102.00,242.00,369.00,1546.00,45157.00,304.00,12332.00,15118.00,35331.00,691.00,4943.00,2689.00,8657.00,435.00,1182.00,2828.00,4660.00,2507.00,3990.00,7552.00,1677.00,12475.00,252.00,440.00,2445.00,1887.00,2064.00,895.00,4074.00,419.00,204.00,2182.00,0.00
6 Sep,2023.00,6212.00,3187.00,243.00,391.00,1557.00,46333.00,304.00,12505.00,15351.00,35634.00,704.00,5129.00,2740.00,8760.00,443.00,1182.00,2847.00,4675.00,2751.00,4002.00,7633.00,1706.00,12684.00,252.00,452.00,2585.00,1887.00,2144.00,908.00,4074.00,419.00,206.00,2186.00,0.00
7 Sep,2042.00,6385.00,3264.00,243.00,391.00,1571.00,47379.00,304.00,12709.00,15615.00,35941.00,704.00,5191.00,2807.00,8837.00,448.00,1235.00,2855.00,4745.00,2795.00,4003.00,7725.00,1706.00,12695.00,252.00,455.00,2718.00,1896.00,2164.00,940.00,4148.00,419.00,206.00,2201.00,0.00
8 Sep,2054.00,6549.00,3323.00,250.00,394.00,1595.00,48393.00,304.00,13045.00,15852.00,36342.00,711.00,5277.00,2807.00,8903.00,455.00,1259.00,2875.00,4786.00,2910.00,4024.00,7832.00,1717.00,12746.00,257.00,466.00,2831.00,1900.00,2206.00,941.00,4162.00,435.00,209.00,2225.00,0.00
9 Sep,2152.00,6723.00,3360.00,252.00,397.00,1645.00,49397.00,308.00,13333.00,16133.00,36712.00,723.00,5357.00,2851.00,9001.00,456.00,1312.00,2890.00,4824.00,3020.00,4046.00,7964.00,1741.00,12864.00,261.00,488.00,2969.00,1910.00,2228.00,959.00,4162.00,450.00,213.00,2241.00,0.00
10 Sep,2258.00,6834.00,3402.00,263.00,400.00,1695.00,50671.00,309.00,13668.00,16508.00,37093.00,728.00,5447.00,2887.00,9078.00,458.00,1340.00,2901.00,4890.00,3124.00,4064.00,8110.00,1767.00,13032.00,261.00,509.00,3163.00,1911.00,2248.00,970.00,4276.00,456.00,213.00,2269.00,0.00
11 Sep,2403.00,6978.00,3448.00,270.00,430.00,1744.00,51635.00,314.00,13940.00,17074.00,37455.00,736.00,5599.00,2920.00,9152.00,460.00,1357.00,2910.00,4945.00,3161.00,4085.00,8241.00,1801.00,13183.00,269.00,511.00,3345.00,1918.00,2365.00,1019.00,4330.00,458.00,213.00,2271.00,
12 Sep,2527.00,7113.00,3469.00,275.00,458.00,1787.00,52840.00,319.00,14231.00,17460.00,37839.00,747.00,5752.00,2966.00,9249.00,465.00,1378.00,2923.00,5018.00,3264.00,4105.00,8362.00,1834.00,13235.00,269.00,555.00,3569.00,1921.00,2377.00,1086.00,4392.00,462.00,217.00,2282.00,0.00
13 Sep,2739.00,7226.00,3519.00,283.00,466.00,1836.00,54220.00,321.00,14388.00,17742.00,38088.00,754.00,5926.00,3002.00,9282.00,469.00,1411.00,2939.00,5051.00,3387.00,4149.00,8465.00,1869.00,13291.00,271.00,555.00,3781.00,1935.00,2434.00,1086.00,4476.00,470.00,237.00,2314.00,0.00
14 Sep,2892.00,7312.00,3574.00,283.00,467.00,1869.00,55099.00,321.00,14591.00,17913.00,38431.00,780.00,6049.00,3002.00,9423.00,474.00,1430.00,2961.00,5078.00,3505.00,4165.00,8559.00,1890.00,13476.00,271.00,615.00,3909.00,1940.00,2465.00,1185.00,4572.00,471.00,237.00,2314.00,
15 Sep,3032.00,7380.00,3636.00,284.00,476.00,1895.00,56175.00,331.00,14938.00,18111.00,38809.00,784.00,6100.00,3059.00,9500.00,479.00,1438.00,2981.00,5118.00,3633.00,4171.00,8808.00,1948.00,13583.00,272.00,644.00,4054.00,1956.00,2481.00,1236.00,4637.00,475.00,276.00,2330.00,0.00
16 Sep,3127.00,7429.00,3774.00,295.00,480.00,1943.00,57469.00,345.00,15231.00,18451.00,39181.00,803.00,6317.00,3123.00,9511.00,481.00,1460.00,2990.00,5175.00,3749.00,4182.00,8934.00,2008.00,13747.00,276.00,666.00,4237.00,1966.00,2500.00,1278.00,4763.00,477.00,289.00,2336.00,0.00
17 Sep,3236.00,7492.00,3895.00,305.00,510.00,1984.00,58582.00,351.00,15584.00,18744.00,39508.00,825.00,6486.00,3123.00,9547.00,483.00,1494.00,3009.00,5233.00,3868.00,4212.00,9051.00,2043.00,13867.00,278.00,687.00,4462.00,1972.00,2503.00,1333.00,4836.00,482.00,302.00,2341.00,0.00
18 Sep,3352.00,7543.00,4036.00,306.00,523.00,2037.00,59840.00,358.00,15925.00,18942.00,39993.00,840.00,6605.00,3178.00,9572.00,485.00,1582.00,3029.00,5293.00,4002.00,4232.00,9176.00,2060.00,14026.00,289.00,694.00,4687.00,1973.00,2510.00,1387.00,4894.00,484.00,313.00,2353.00,0.00
19 Sep,3527.00,7628.00,4164.00,310.00,530.00,2111.00,60828.00,372.00,16395.00,19213.00,40372.00,861.00,6716.00,3228.00,9650.00,488.00,1627.00,3082.00,5331.00,4161.00,4254.00,9273.00,2119.00,14193.00,297.00,715.00,4990.00,1992.00,2551.00,1435.00,5099.00,485.00,315.00,2375.00,0.00
20 Sep,3595.00,7749.00,4343.00,311.00,536.00,2181.00,61966.00,386.00,16822.00,19516.00,40708.00,867.00,6776.00,3272.00,9735.00,489.00,1639.00,3101.00,5402.00,4267.00,4295.00,9368.00,2187.00,14367.00,320.00,728.00,5288.00,1992.00,2566.00,1495.00,5149.00,504.00,321.00,2435.00,0.00
21 Sep,3694.00,7888.00,4464.00,312.00,536.00,2245.00,63318.00,386.00,17502.00,19754.00,41076.00,868.00,6954.00,3300.00,9817.00,492.00,1724.00,3126.00,5449.00,4448.00,4317.00,9468.00,2223.00,14403.00,321.00,738.00,5448.00,2011.00,2615.00,1516.00,5176.00,505.00,321.00,2437.00,0.00
22 Sep,3785.00,7996.00,4593.00,320.00,541.00,2312.00,64554.00,386.00,18077.00,19982.00,41417.00,879.00,7068.00,3300.00,9902.00,503.00,1747.00,3137.00,5497.00,4649.00,4329.00,9566.00,2261.00,14524.00,330.00,762.00,5701.00,2014.00,2652.00,1587.00,5249.00,530.00,332.00,2441.00,0.00
23 Sep,3835.00,8126.00,4809.00,334.00,572.00,2375.00,65687.00,395.00,18593.00,20239.00,41755.00,885.00,7264.00,3392.00,9984.00,532.00,1864.00,3161.00,5607.00,4853.00,4335.00,9653.00,2351.00,14648.00,344.00,778.00,5889.00,2035.00,2654.00,1674.00,5387.00,540.00,349.00,2489.00,0.00
24 Sep,3891.00,8245.00,4939.00,335.00,579.00,2397.00,66731.00,399.00,19397.00,20673.00,42098.00,901.00,7459.00,3431.00,10047.00,550.00,1875.00,3200.00,5690.00,5155.00,4357.00,9749.00,2422.00,14813.00,348.00,799.00,6120.00,2039.00,2654.00,1674.00,5653.00,546.00,367.00,2489.00,0.00
25 Sep,3982.00,8389.00,5050.00,336.00,590.00,2458.00,67902.00,409.00,20131.00,21004.00,42391.00,935.00,7851.00,3474.00,10080.00,556.00,2022.00,3218.00,5734.00,5363.00,4390.00,9843.00,2501.00,14982.00,354.00,814.00,6315.00,2045.00,2654.00,1820.00,5763.00,567.00,388.00,2534.00,0.00
26 Sep,4173.00,8452.00,5185.00,337.00,600.00,2499.00,69224.00,425.00,20517.00,21368.00,42670.00,946.00,8070.00,3474.00,10120.00,563.00,2115.00,3246.00,5794.00,5504.00,4412.00,9941.00,2681.00,15175.00,375.00,826.00,6577.00,2048.00,2727.00,1951.00,5840.00,571.00,394.00,2539.00,0.00
27 Sep,4246.00,8532.00,5290.00,337.00,645.00,2519.00,70441.00,446.00,20954.00,21626.00,42890.00,957.00,8210.00,3485.00,10197.00,569.00,2170.00,3265.00,5876.00,5720.00,4437.00,10038.00,2763.00,15295.00,375.00,841.00,6780.00,2048.00,2727.00,1990.00,5953.00,617.00,402.00,2572.00,0.00
28 Sep,4325.00,8639.00,5417.00,337.00,647.00,2558.00,71339.00,467.00,21443.00,21930.00,43174.00,957.00,8324.00,3549.00,10237.00,573.00,2182.00,3282.00,5927.00,5926.00,4444.00,10123.00,2780.00,15354.00,393.00,851.00,7034.00,2052.00,2727.00,2054.00,5999.00,617.00,402.00,2659.00,
29 Sep,4471.00,8745.00,5499.00,347.00,665.00,2607.00,72577.00,490.00,21759.00,22205.00,43450.00,974.00,8438.00,3634.00,10289.00,575.00,2200.00,3289.00,5985.00,6180.00,4456.00,10211.00,2819.00,15501.00,402.00,875.00,7270.00,2059.00,2815.00,2088.00,5999.00,773.00,406.00,2671.00,0.00
30 Sep,4554.00,8878.00,5643.00,361.00,693.00,2643.00,73736.00,513.00,22205.00,22435.00,43744.00,982.00,8651.00,3645.00,10348.00,577.00,2234.00,3316.00,6095.00,6281.00,4487.00,10313.00,2862.00,15579.00,410.00,894.00,7622.00,2065.00,2815.00,2135.00,6321.00,794.00,424.00,2753.00,0.00
1 Oct,4666.00,9019.00,5743.00,371.00,713.00,2680.00,74989.00,534.00,22764.00,22734.00,44058.00,1011.00,8782.00,3691.00,10403.00,583.00,2250.00,3346.00,6135.00,6473.00,4505.00,10424.00,2910.00,15698.00,440.00,907.00,7887.00,2067.00,2859.00,2166.00,6382.00,804.00,429.00,2759.00,0.00
2 Oct,4854.00,9149.00,5825.00,387.00,722.00,2700.00,76187.00,558.00,23308.00,23078.00,44341.00,1017.00,9101.00,3720.00,10479.00,590.00,2273.00,3372.00,6207.00,6587.00,4530.00,10513.00,2989.00,15772.00,450.00,932.00,8068.00,2074.00,2976.00,2213.00,6504.00,809.00,439.00,2775.00,0.00
3 Oct,4927.00,9254.00,5960.00,406.00,724.00,2772.00,77452.00,571.00,23651.00,23450.00,44649.00,1023.00,9218.00,3758.00,10562.00,597.00,2306.00,3394.00,6277.00,6872.00,4551.00,10599.00,3032.00,15815.00,461.00,942.00,8240.00,2075.00,2976.00,2259.00,6690.00,820.00,448.00,2775.00,0.00
4 Oct,4994.00,9365.00,6129.00,411.00,728.00,2791.00,78850.00,593.00,23899.00,23764.00,44898.00,1042.00,9446.00,3776.00,10618.00,603.00,2343.00,3420.00,6323.00,7127.00,4576.00,10682.00,3066.00,15883.00,466.00,951.00,8403.00,2075.00,3040.00,2346.00,6781.00,829.00,464.00,2816.00,0.00
5 Oct,5064.00,9448.00,6268.00,423.00,752.00,2813.00,79872.00,618.00,24402.00,24129.00,45135.00,1044.00,9563.00,3804.00,10662.00,605.00,2382.00,3441.00,6346.00,7343.00,4595.00,10771.00,3069.00,15900.00,467.00,988.00,8701.00,2077.00,3062.00,2361.00,6881.00,830.00,465.00,2839.00,0.00
6 Oct,5182.00,9547.00,6368.00,428.00,758.00,2833.00,80979.00,647.00,24910.00,24529.00,45417.00,1085.00,9763.00,3818.00,10734.00,610.00,2411.00,3464.00,6417.00,7429.00,4630.00,10869.00,3161.00,15946.00,491.00,1015.00,8832.00,2077.00,3130.00,2475.00,7073.00,842.00,467.00,2839.00,0.00
7 Oct,5254.00,9652.00,6448.00,438.00,762.00,2853.00,82190.00,669.00,25662.00,24913.00,45748.00,1095.00,9965.00,3855.00,10774.00,623.00,2421.00,3471.00,6531.00,7623.00,4652.00,10965.00,3256.00,16085.00,514.00,1031.00,8982.00,2077.00,3178.00,2544.00,7214.00,862.00,485.00,2922.00,0.00
8 Oct,5423.00,9759.00,6570.00,440.00,774.00,2904.00,83372.00,715.00,26259.00,25261.00,46095.00,1108.00,10203.00,3866.00,10816.00,629.00,2450.00,3485.00,6614.00,7824.00,4685.00,11064.00,3356.00,16298.00,528.00,1089.00,9226.00,2082.00,3272.00,2754.00,7312.00,868.00,532.00,2931.00,0.00
9 Oct,5546.00,9897.00,6711.00,454.00,785.00,2960.00,84315.00,760.00,26763.00,25673.00,46405.00,1136.00,10338.00,3890.00,10897.00,632.00,2450.00,3513.00,6677.00,8119.00,4704.00,11159.00,3419.00,16399.00,539.00,1089.00,9430.00,2082.00,3272.00,2854.00,7428.00,878.00,551.00,2933.00,0.00
10 Oct,5644.00,10028.00,6882.00,461.00,796.00,3029.00,85574.00,790.00,27031.00,26083.00,46715.00,1216.00,10469.00,3907.00,10950.00,637.00,2525.00,3520.00,6743.00,8364.00,4744.00,11247.00,3477.00,16562.00,552.00,1120.00,9661.00,2089.00,3396.00,2891.00,7472.00,879.00,558.00,2940.00,0.00
11 Oct,5767.00,10135.00,6988.00,474.00,803.00,3064.00,86963.00,812.00,27236.00,26401.00,46984.00,1297.00,10663.00,3941.00,11026.00,645.00,2547.00,3539.00,6776.00,8714.00,4798.00,11332.00,3568.00,16738.00,568.00,1131.00,9971.00,2089.00,3435.00,3016.00,7622.00,894.00,565.00,2947.00,0.00
12 Oct,5844.00,10228.00,7067.00,474.00,804.00,3107.00,88174.00,825.00,27522.00,26640.00,47280.00,1297.00,10729.00,3967.00,11052.00,649.00,2619.00,3554.00,6821.00,8880.00,4803.00,11419.00,3627.00,16819.00,569.00,1147.00,10180.00,2105.00,3448.00,3036.00,7622.00,894.00,565.00,2949.00,0.00
13 Oct,5895.00,10304.00,7148.00,475.00,807.00,3145.00,89228.00,863.00,28087.00,27106.00,47595.00,1311.00,10837.00,3978.00,11130.00,662.00,2641.00,3562.00,6887.00,9052.00,4812.00,11508.00,3736.00,16917.00,586.00,1162.00,10343.00,2110.00,3454.00,3079.00,7764.00,917.00,572.00,2949.00,0.00
14 Oct,5960.00,10413.00,7239.00,480.00,825.00,3171.00,90266.00,893.00,28529.00,27392.00,47894.00,1328.00,11047.00,3987.00,11185.00,673.00,2660.00,3588.00,6947.00,9403.00,4857.00,11596.00,3802.00,17066.00,596.00,1204.00,10643.00,2114.00,3459.00,3079.00,7988.00,932.00,574.00,2959.00,0.00
15 Oct,6077.00,10513.00,7350.00,484.00,832.00,3216.00,91337.00,916.00,29119.00,27864.00,48161.00,1357.00,11212.00,4014.00,11261.00,673.00,2699.00,3613.00,7005.00,9766.00,4868.00,11686.00,3902.00,17179.00,617.00,1221.00,10824.00,2115.00,3471.00,3235.00,8099.00,939.00,575.00,2960.00,0.00
16 Oct,6254.00,10605.00,7466.00,488.00,839.00,3261.00,92382.00,942.00,29543.00,28307.00,48452.00,1382.00,11306.00,4045.00,11329.00,687.00,2768.00,3646.00,7058.00,10250.00,4930.00,11775.00,3950.00,17286.00,617.00,1250.00,11102.00,2120.00,3479.00,3353.00,8099.00,944.00,582.00,2964.00,0.00
17 Oct,6436.00,10697.00,7593.00,499.00,862.00,3285.00,93356.00,968.00,30043.00,28723.00,48690.00,1413.00,11503.00,4081.00,11400.00,691.00,2768.00,3673.00,7104.00,10700.00,4959.00,11861.00,4023.00,17352.00,668.00,1285.00,11358.00,2120.00,3521.00,3465.00,8168.00,949.00,584.00,2964.00,0.00
18 Oct,6551.00,10771.00,7723.00,515.00,877.00,3325.00,94327.00,982.00,30254.00,29079.00,48932.00,1428.00,11885.00,4081.00,11439.00,714.00,2836.00,3704.00,7143.00,10963.00,4985.00,11944.00,4249.00,17483.00,685.00,1298.00,11642.00,2120.00,3561.00,3626.00,8239.00,952.00,587.00,2967.00,0.00
19 Oct,6667.00,10880.00,7843.00,516.00,880.00,3343.00,95253.00,988.00,30778.00,29395.00,49174.00,1428.00,11970.00,4122.00,11446.00,715.00,2883.00,3732.00,7182.00,11205.00,5026.00,12035.00,4275.00,17526.00,687.00,1340.00,11839.00,2131.00,3597.00,3636.00,8239.00,952.00,588.00,2969.00,0.00
20 Oct,6765.00,10955.00,7922.00,523.00,915.00,3356.00,96217.00,1027.00,31250.00,29844.00,49474.00,1451.00,12038.00,4149.00,11488.00,715.00,2915.00,3753.00,7229.00,11373.00,5048.00,12125.00,4301.00,17593.00,726.00,1376.00,12006.00,2142.00,3617.00,3653.00,8368.00,967.00,592.00,2969.00,0.00
21 Oct,6844.00,11042.00,8093.00,538.00,917.00,3389.00,97217.00,1049.00,31907.00,30218.00,49801.00,1451.00,12221.00,4162.00,11508.00,735.00,3012.00,3785.00,7328.00,11652.00,5075.00,12212.00,4382.00,17690.00,762.00,1420.00,12319.00,2152.00,3624.00,3688.00,8368.00,971.00,605.00,2972.00,0.00
22 Oct,6947.00,11125.00,8313.00,544.00,928.00,3434.00,98206.00,1068.00,32643.00,30731.00,50069.00,1497.00,12480.00,4162.00,11535.00,752.00,3012.00,3810.00,7362.00,11875.00,5087.00,12297.00,4472.00,17767.00,775.00,1460.00,12601.00,2180.00,3624.00,3761.00,8463.00,971.00,615.00,2975.00,0.00
23 Oct,7037.00,11203.00,8458.00,544.00,961.00,3462.00,99158.00,1092.00,33147.00,31302.00,50364.00,1528.00,12703.00,4213.00,11583.00,761.00,3126.00,3830.00,7435.00,12132.00,5132.00,12388.00,4550.00,17828.00,787.00,1522.00,12877.00,2187.00,3650.00,3858.00,8512.00,971.00,634.00,2975.00,0.00
24 Oct,7125.00,11279.00,8563.00,549.00,969.00,3506.00,100220.00,1118.00,33568.00,31586.00,50653.00,1564.00,12944.00,4233.00,11629.00,766.00,3207.00,3836.00,7500.00,12432.00,5176.00,12472.00,4622.00,17893.00,799.00,1551.00,13257.00,2188.00,3718.00,3879.00,8569.00,978.00,649.00,2982.00,0.00
25 Oct,7212.00,11388.00,8794.00,553.00,995.00,3550.00,100991.00,1140.00,33924.00,31942.00,50921.00,1564.00,13119.00,4251.00,11648.00,780.00,3362.00,3858.00,7522.00,12791.00,5209.00,12562.00,4665.00,17936.00,817.00,1601.00,13547.00,2188.00,3739.00,3885.00,8618.00,987.00,652.00,3001.00,0.00
26 Oct,7252.00,11455.00,8914.00,554.00,995.00,3576.00,101897.00,1149.00,34355.00,32098.00,51217.00,1577.00,13225.00,4274.00,11650.00,782.00,3500.00,3884.00,7538.00,13060.00,5232.00,12655.00,4675.00,17950.00,821.00,1646.00,13752.00,2192.00,3739.00,3891.00,8785.00,988.00,653.00,3003.00,
27 Oct,7265.00,11520.00,9038.00,566.00,1017.00,3617.00,102678.00,1156.00,34745.00,32414.00,51506.00,1606.00,13348.00,4284.00,11662.00,791.00,3603.00,3913.00,7581.00,13373.00,5243.00,12745.00,4713.00,18155.00,838.00,1686.00,13998.00,2193.00,3772.00,3974.00,8785.00,997.00,667.00,3005.00,0.00
28 Oct,7339.00,11588.00,9208.00,573.00,1040.00,3662.00,103522.00,1188.00,35148.00,32732.00,51752.00,1620.00,13562.00,4288.00,11732.00,805.00,3738.00,3940.00,7667.00,13649.00,5287.00,12837.00,4856.00,18275.00,848.00,1729.00,14251.00,2196.00,3785.00,4080.00,8910.00,1000.00,669.00,3007.00,0.00
29 Oct,7373.00,11647.00,9299.00,578.00,1049.00,3744.00,104235.00,1219.00,35607.00,33100.00,52020.00,1633.00,13770.00,4328.00,11764.00,814.00,3901.00,3950.00,7744.00,13984.00,5351.00,12925.00,4902.00,18298.00,855.00,1757.00,14511.00,2196.00,3790.00,4088.00,8930.00,1000.00,679.00,3007.00,0.00
,,,,,,,,,,,,,,,,,,,,,,,,,,,,,,,,,,,
,,,,,,,,,,,,,,,,,,,,,,,,,,,,,,,,,,,
,,,,,,,,,,,,,,,,,,,,,,,,,,,,,,,,,,,
,,,,,,,,,,,,,,,,,,,,,,,,,,,,,,,,,,,
,,,,,,,,,,,,,,,,,,,,,,,,,,,,,,,,,,,
,,,,,,,,,,,,,,,,,,,,,,,,,,,,,,,,,,,
,,,,,,,,,,,,,,,,,,,,,,,,,,,,,,,,,,,
,,,,,,,,,,,,,,,,,,,,,,,,,,,,,,,,,,,
,,,,,,,,,,,,,,,,,,,,,,,,,,,,,,,,,,,
,,,,,,,,,,,,,,,,,,,,,,,,,,,,,,,,,,,
,,,,,,,,,,,,,,,,,,,,,,,,,,,,,,,,,,,
,,,,,,,,,,,,,,,,,,,,,,,,,,,,,,,,,,,
,,,,,,,,,,,,,,,,,,,,,,,,,,,,,,,,,,,
,,,,,,,,,,,,,,,,,,,,,,,,,,,,,,,,,,,
,,,,,,,,,,,,,,,,,,,,,,,,,,,,,,,,,,,
,,,,,,,,,,,,,,,,,,,,,,,,,,,,,,,,,,,
,,,,,,,,,,,,,,,,,,,,,,,,,,,,,,,,,,,
,,,,,,,,,,,,,,,,,,,,,,,,,,,,,,,,,,,
,,,,,,,,,,,,,,,,,,,,,,,,,,,,,,,,,,,
,,,,,,,,,,,,,,,,,,,,,,,,,,,,,,,,,,,
,,,,,,,,,,,,,,,,,,,,,,,,,,,,,,,,,,,
,,,,,,,,,,,,,,,,,,,,,,,,,,,,,,,,,,,
,,,,,,,,,,,,,,,,,,,,,,,,,,,,,,,,,,,
,,,,,,,,,,,,,,,,,,,,,,,,,,,,,,,,,,,
,,,,,,,,,,,,,,,,,,,,,,,,,,,,,,,,,,,
,,,,,,,,,,,,,,,,,,,,,,,,,,,,,,,,,,,
,,,,,,,,,,,,,,,,,,,,,,,,,,,,,,,,,,,
,,,,,,,,,,,,,,,,,,,,,,,,,,,,,,,,,,,
,,,,,,,,,,,,,,,,,,,,,,,,,,,,,,,,,,,
,,,,,,,,,,,,,,,,,,,,,,,,,,,,,,,,,,,
,,,,,,,,,,,,,,,,,,,,,,,,,,,,,,,,,,,
,,,,,,,,,,,,,,,,,,,,,,,,,,,,,,,,,,,
,,,,,,,,,,,,,,,,,,,,,,,,,,,,,,,,,,,
,,,,,,,,,,,,,,,,,,,,,,,,,,,,,,,,,,,
,,,,,,,,,,,,,,,,,,,,,,,,,,,,,,,,,,,
,,,,,,,,,,,,,,,,,,,,,,,,,,,,,,,,,,,
,,,,,,,,,,,,,,,,,,,,,,,,,,,,,,,,,,,
,,,,,,,,,,,,,,,,,,,,,,,,,,,,,,,,,,,
,,,,,,,,,,,,,,,,,,,,,,,,,,,,,,,,,,,
,,,,,,,,,,,,,,,,,,,,,,,,,,,,,,,,,,,
,,,,,,,,,,,,,,,,,,,,,,,,,,,,,,,,,,,
,,,,,,,,,,,,,,,,,,,,,,,,,,,,,,,,,,,
,,,,,,,,,,,,,,,,,,,,,,,,,,,,,,,,,,,
,,,,,,,,,,,,,,,,,,,,,,,,,,,,,,,,,,,
,,,,,,,,,,,,,,,,,,,,,,,,,,,,,,,,,,,
,,,,,,,,,,,,,,,,,,,,,,,,,,,,,,,,,,,
,,,,,,,,,,,,,,,,,,,,,,,,,,,,,,,,,,,
,,,,,,,,,,,,,,,,,,,,,,,,,,,,,,,,,,,
,,,,,,,,,,,,,,,,,,,,,,,,,,,,,,,,,,,
,,,,,,,,,,,,,,,,,,,,,,,,,,,,,,,,,,,
,,,,,,,,,,,,,,,,,,,,,,,,,,,,,,,,,,,
,,,,,,,,,,,,,,,,,,,,,,,,,,,,,,,,,,,
,,,,,,,,,,,,,,,,,,,,,,,,,,,,,,,,,,,
,,,,,,,,,,,,,,,,,,,,,,,,,,,,,,,,,,,
,,,,,,,,,,,,,,,,,,,,,,,,,,,,,,,,,,,
,,,,,,,,,,,,,,,,,,,,,,,,,,,,,,,,,,,
,,,,,,,,,,,,,,,,,,,,,,,,,,,,,,,,,,,
,,,,,,,,,,,,,,,,,,,,,,,,,,,,,,,,,,,
,,,,,,,,,,,,,,,,,,,,,,,,,,,,,,,,,,,
,,,,,,,,,,,,,,,,,,,,,,,,,,,,,,,,,,,
,,,,,,,,,,,,,,,,,,,,,,,,,,,,,,,,,,,
,,,,,,,,,,,,,,,,,,,,,,,,,,,,,,,,,,,
,,,,,,,,,,,,,,,,,,,,,,,,,,,,,,,,,,,
,,,,,,,,,,,,,,,,,,,,,,,,,,,,,,,,,,,
,,,,,,,,,,,,,,,,,,,,,,,,,,,,,,,,,,,
,,,,,,,,,,,,,,,,,,,,,,,,,,,,,,,,,,,
,,,,,,,,,,,,,,,,,,,,,,,,,,,,,,,,,,,
,,,,,,,,,,,,,,,,,,,,,,,,,,,,,,,,,,,
,,,,,,,,,,,,,,,,,,,,,,,,,,,,,,,,,,,
,,,,,,,,,,,,,,,,,,,,,,,,,,,,,,,,,,,
,,,,,,,,,,,,,,,,,,,,,,,,,,,,,,,,,,,
,,,,,,,,,,,,,,,,,,,,,,,,,,,,,,,,,,,
,,,,,,,,,,,,,,,,,,,,,,,,,,,,,,,,,,,
,,,,,,,,,,,,,,,,,,,,,,,,,,,,,,,,,,,
,,,,,,,,,,,,,,,,,,,,,,,,,,,,,,,,,,,
,,,,,,,,,,,,,,,,,,,,,,,,,,,,,,,,,,,
,,,,,,,,,,,,,,,,,,,,,,,,,,,,,,,,,,,
,,,,,,,,,,,,,,,,,,,,,,,,,,,,,,,,,,,
,,,,,,,,,,,,,,,,,,,,,,,,,,,,,,,,,,,
,,,,,,,,,,,,,,,,,,,,,,,,,,,,,,,,,,,
,,,,,,,,,,,,,,,,,,,,,,,,,,,,,,,,,,,
,,,,,,,,,,,,,,,,,,,,,,,,,,,,,,,,,,,
,,,,,,,,,,,,,,,,,,,,,,,,,,,,,,,,,,,
,,,,,,,,,,,,,,,,,,,,,,,,,,,,,,,,,,,
,,,,,,,,,,,,,,,,,,,,,,,,,,,,,,,,,,,
,,,,,,,,,,,,,,,,,,,,,,,,,,,,,,,,,,,
,,,,,,,,,,,,,,,,,,,,,,,,,,,,,,,,,,,
,,,,,,,,,,,,,,,,,,,,,,,,,,,,,,,,,,,
,,,,,,,,,,,,,,,,,,,,,,,,,,,,,,,,,,,
,,,,,,,,,,,,,,,,,,,,,,,,,,,,,,,,,,,
,,,,,,,,,,,,,,,,,,,,,,,,,,,,,,,,,,,
,,,,,,,,,,,,,,,,,,,,,,,,,,,,,,,,,,,
,,,,,,,,,,,,,,,,,,,,,,,,,,,,,,,,,,,
,,,,,,,,,,,,,,,,,,,,,,,,,,,,,,,,,,,
,,,,,,,,,,,,,,,,,,,,,,,,,,,,,,,,,,,
,,,,,,,,,,,,,,,,,,,,,,,,,,,,,,,,,,,
,,,,,,,,,,,,,,,,,,,,,,,,,,,,,,,,,,,
,,,,,,,,,,,,,,,,,,,,,,,,,,,,,,,,,,,
,,,,,,,,,,,,,,,,,,,,,,,,,,,,,,,,,,,
,,,,,,,,,,,,,,,,,,,,,,,,,,,,,,,,,,,
,,,,,,,,,,,,,,,,,,,,,,,,,,,,,,,,,,,
,,,,,,,,,,,,,,,,,,,,,,,,,,,,,,,,,,,
,,,,,,,,,,,,,,,,,,,,,,,,,,,,,,,,,,,
,,,,,,,,,,,,,,,,,,,,,,,,,,,,,,,,,,,
,,,,,,,,,,,,,,,,,,,,,,,,,,,,,,,,,,,
,,,,,,,,,,,,,,,,,,,,,,,,,,,,,,,,,,,
,,,,,,,,,,,,,,,,,,,,,,,,,,,,,,,,,,,
,,,,,,,,,,,,,,,,,,,,,,,,,,,,,,,,,,,
,,,,,,,,,,,,,,,,,,,,,,,,,,,,,,,,,,,
,,,,,,,,,,,,,,,,,,,,,,,,,,,,,,,,,,,
,,,,,,,,,,,,,,,,,,,,,,,,,,,,,,,,,,,
,,,,,,,,,,,,,,,,,,,,,,,,,,,,,,,,,,,
,,,,,,,,,,,,,,,,,,,,,,,,,,,,,,,,,,,
,,,,,,,,,,,,,,,,,,,,,,,,,,,,,,,,,,,
,,,,,,,,,,,,,,,,,,,,,,,,,,,,,,,,,,,
,,,,,,,,,,,,,,,,,,,,,,,,,,,,,,,,,,,
,,,,,,,,,,,,,,,,,,,,,,,,,,,,,,,,,,,
,,,,,,,,,,,,,,,,,,,,,,,,,,,,,,,,,,,
,,,,,,,,,,,,,,,,,,,,,,,,,,,,,,,,,,,
,,,,,,,,,,,,,,,,,,,,,,,,,,,,,,,,,,,
,,,,,,,,,,,,,,,,,,,,,,,,,,,,,,,,,,,
,,,,,,,,,,,,,,,,,,,,,,,,,,,,,,,,,,,
,,,,,,,,,,,,,,,,,,,,,,,,,,,,,,,,,,,
,,,,,,,,,,,,,,,,,,,,,,,,,,,,,,,,,,,
,,,,,,,,,,,,,,,,,,,,,,,,,,,,,,,,,,,
,,,,,,,,,,,,,,,,,,,,,,,,,,,,,,,,,,,
,,,,,,,,,,,,,,,,,,,,,,,,,,,,,,,,,,,
,,,,,,,,,,,,,,,,,,,,,,,,,,,,,,,,,,,
,,,,,,,,,,,,,,,,,,,,,,,,,,,,,,,,,,,
,,,,,,,,,,,,,,,,,,,,,,,,,,,,,,,,,,,
,,,,,,,,,,,,,,,,,,,,,,,,,,,,,,,,,,,
,,,,,,,,,,,,,,,,,,,,,,,,,,,,,,,,,,,
,,,,,,,,,,,,,,,,,,,,,,,,,,,,,,,,,,,
,,,,,,,,,,,,,,,,,,,,,,,,,,,,,,,,,,,
,,,,,,,,,,,,,,,,,,,,,,,,,,,,,,,,,,,
,,,,,,,,,,,,,,,,,,,,,,,,,,,,,,,,,,,
,,,,,,,,,,,,,,,,,,,,,,,,,,,,,,,,,,,
,,,,,,,,,,,,,,,,,,,,,,,,,,,,,,,,,,,
,,,,,,,,,,,,,,,,,,,,,,,,,,,,,,,,,,,
,,,,,,,,,,,,,,,,,,,,,,,,,,,,,,,,,,,
,,,,,,,,,,,,,,,,,,,,,,,,,,,,,,,,,,,
,,,,,,,,,,,,,,,,,,,,,,,,,,,,,,,,,,,
,,,,,,,,,,,,,,,,,,,,,,,,,,,,,,,,,,,
,,,,,,,,,,,,,,,,,,,,,,,,,,,,,,,,,,,
,,,,,,,,,,,,,,,,,,,,,,,,,,,,,,,,,,,
,,,,,,,,,,,,,,,,,,,,,,,,,,,,,,,,,,,
,,,,,,,,,,,,,,,,,,,,,,,,,,,,,,,,,,,
,,,,,,,,,,,,,,,,,,,,,,,,,,,,,,,,,,,
,,,,,,,,,,,,,,,,,,,,,,,,,,,,,,,,,,,
,,,,,,,,,,,,,,,,,,,,,,,,,,,,,,,,,,,
,,,,,,,,,,,,,,,,,,,,,,,,,,,,,,,,,,,
,,,,,,,,,,,,,,,,,,,,,,,,,,,,,,,,,,,
,,,,,,,,,,,,,,,,,,,,,,,,,,,,,,,,,,,
,,,,,,,,,,,,,,,,,,,,,,,,,,,,,,,,,,,
,,,,,,,,,,,,,,,,,,,,,,,,,,,,,,,,,,,
,,,,,,,,,,,,,,,,,,,,,,,,,,,,,,,,,,,
,,,,,,,,,,,,,,,,,,,,,,,,,,,,,,,,,,,
,,,,,,,,,,,,,,,,,,,,,,,,,,,,,,,,,,,
,,,,,,,,,,,,,,,,,,,,,,,,,,,,,,,,,,,
,,,,,,,,,,,,,,,,,,,,,,,,,,,,,,,,,,,
,,,,,,,,,,,,,,,,,,,,,,,,,,,,,,,,,,,
,,,,,,,,,,,,,,,,,,,,,,,,,,,,,,,,,,,
,,,,,,,,,,,,,,,,,,,,,,,,,,,,,,,,,,,
,,,,,,,,,,,,,,,,,,,,,,,,,,,,,,,,,,,
,,,,,,,,,,,,,,,,,,,,,,,,,,,,,,,,,,,
,,,,,,,,,,,,,,,,,,,,,,,,,,,,,,,,,,,
,,,,,,,,,,,,,,,,,,,,,,,,,,,,,,,,,,,
,,,,,,,,,,,,,,,,,,,,,,,,,,,,,,,,,,,
,,,,,,,,,,,,,,,,,,,,,,,,,,,,,,,,,,,
,,,,,,,,,,,,,,,,,,,,,,,,,,,,,,,,,,,
,,,,,,,,,,,,,,,,,,,,,,,,,,,,,,,,,,,
,,,,,,,,,,,,,,,,,,,,,,,,,,,,,,,,,,,
,,,,,,,,,,,,,,,,,,,,,,,,,,,,,,,,,,,
,,,,,,,,,,,,,,,,,,,,,,,,,,,,,,,,,,,
,,,,,,,,,,,,,,,,,,,,,,,,,,,,,,,,,,,
,,,,,,,,,,,,,,,,,,,,,,,,,,,,,,,,,,,
,,,,,,,,,,,,,,,,,,,,,,,,,,,,,,,,,,,
,,,,,,,,,,,,,,,,,,,,,,,,,,,,,,,,,,,
,,,,,,,,,,,,,,,,,,,,,,,,,,,,,,,,,,,
,,,,,,,,,,,,,,,,,,,,,,,,,,,,,,,,,,,
,,,,,,,,,,,,,,,,,,,,,,,,,,,,,,,,,,,
,,,,,,,,,,,,,,,,,,,,,,,,,,,,,,,,,,,
,,,,,,,,,,,,,,,,,,,,,,,,,,,,,,,,,,,
,,,,,,,,,,,,,,,,,,,,,,,,,,,,,,,,,,,
,,,,,,,,,,,,,,,,,,,,,,,,,,,,,,,,,,,
,,,,,,,,,,,,,,,,,,,,,,,,,,,,,,,,,,,
,,,,,,,,,,,,,,,,,,,,,,,,,,,,,,,,,,,
,,,,,,,,,,,,,,,,,,,,,,,,,,,,,,,,,,,
,,,,,,,,,,,,,,,,,,,,,,,,,,,,,,,,,,,
,,,,,,,,,,,,,,,,,,,,,,,,,,,,,,,,,,,
,,,,,,,,,,,,,,,,,,,,,,,,,,,,,,,,,,,
,,,,,,,,,,,,,,,,,,,,,,,,,,,,,,,,,,,
,,,,,,,,,,,,,,,,,,,,,,,,,,,,,,,,,,,
,,,,,,,,,,,,,,,,,,,,,,,,,,,,,,,,,,,
,,,,,,,,,,,,,,,,,,,,,,,,,,,,,,,,,,,
,,,,,,,,,,,,,,,,,,,,,,,,,,,,,,,,,,,
,,,,,,,,,,,,,,,,,,,,,,,,,,,,,,,,,,,
,,,,,,,,,,,,,,,,,,,,,,,,,,,,,,,,,,,
,,,,,,,,,,,,,,,,,,,,,,,,,,,,,,,,,,,
,,,,,,,,,,,,,,,,,,,,,,,,,,,,,,,,,,,
,,,,,,,,,,,,,,,,,,,,,,,,,,,,,,,,,,,
,,,,,,,,,,,,,,,,,,,,,,,,,,,,,,,,,,,
,,,,,,,,,,,,,,,,,,,,,,,,,,,,,,,,,,,
,,,,,,,,,,,,,,,,,,,,,,,,,,,,,,,,,,,
,,,,,,,,,,,,,,,,,,,,,,,,,,,,,,,,,,,
,,,,,,,,,,,,,,,,,,,,,,,,,,,,,,,,,,,
,,,,,,,,,,,,,,,,,,,,,,,,,,,,,,,,,,,
,,,,,,,,,,,,,,,,,,,,,,,,,,,,,,,,,,,
,,,,,,,,,,,,,,,,,,,,,,,,,,,,,,,,,,,
,,,,,,,,,,,,,,,,,,,,,,,,,,,,,,,,,,,
,,,,,,,,,,,,,,,,,,,,,,,,,,,,,,,,,,,
,,,,,,,,,,,,,,,,,,,,,,,,,,,,,,,,,,,
,,,,,,,,,,,,,,,,,,,,,,,,,,,,,,,,,,,
,,,,,,,,,,,,,,,,,,,,,,,,,,,,,,,,,,,
,,,,,,,,,,,,,,,,,,,,,,,,,,,,,,,,,,,
,,,,,,,,,,,,,,,,,,,,,,,,,,,,,,,,,,,
,,,,,,,,,,,,,,,,,,,,,,,,,,,,,,,,,,,
,,,,,,,,,,,,,,,,,,,,,,,,,,,,,,,,,,,
,,,,,,,,,,,,,,,,,,,,,,,,,,,,,,,,,,,
,,,,,,,,,,,,,,,,,,,,,,,,,,,,,,,,,,,
,,,,,,,,,,,,,,,,,,,,,,,,,,,,,,,,,,,
,,,,,,,,,,,,,,,,,,,,,,,,,,,,,,,,,,,
,,,,,,,,,,,,,,,,,,,,,,,,,,,,,,,,,,,
,,,,,,,,,,,,,,,,,,,,,,,,,,,,,,,,,,,
,,,,,,,,,,,,,,,,,,,,,,,,,,,,,,,,,,,
,,,,,,,,,,,,,,,,,,,,,,,,,,,,,,,,,,,
,,,,,,,,,,,,,,,,,,,,,,,,,,,,,,,,,,,
,,,,,,,,,,,,,,,,,,,,,,,,,,,,,,,,,,,
,,,,,,,,,,,,,,,,,,,,,,,,,,,,,,,,,,,
,,,,,,,,,,,,,,,,,,,,,,,,,,,,,,,,,,,
,,,,,,,,,,,,,,,,,,,,,,,,,,,,,,,,,,,
,,,,,,,,,,,,,,,,,,,,,,,,,,,,,,,,,,,
,,,,,,,,,,,,,,,,,,,,,,,,,,,,,,,,,,,
,,,,,,,,,,,,,,,,,,,,,,,,,,,,,,,,,,,
,,,,,,,,,,,,,,,,,,,,,,,,,,,,,,,,,,,
,,,,,,,,,,,,,,,,,,,,,,,,,,,,,,,,,,,
,,,,,,,,,,,,,,,,,,,,,,,,,,,,,,,,,,,
,,,,,,,,,,,,,,,,,,,,,,,,,,,,,,,,,,,
,,,,,,,,,,,,,,,,,,,,,,,,,,,,,,,,,,,
,,,,,,,,,,,,,,,,,,,,,,,,,,,,,,,,,,,
,,,,,,,,,,,,,,,,,,,,,,,,,,,,,,,,,,,
,,,,,,,,,,,,,,,,,,,,,,,,,,,,,,,,,,,
,,,,,,,,,,,,,,,,,,,,,,,,,,,,,,,,,,,
,,,,,,,,,,,,,,,,,,,,,,,,,,,,,,,,,,,
,,,,,,,,,,,,,,,,,,,,,,,,,,,,,,,,,,,
,,,,,,,,,,,,,,,,,,,,,,,,,,,,,,,,,,,
,,,,,,,,,,,,,,,,,,,,,,,,,,,,,,,,,,,
,,,,,,,,,,,,,,,,,,,,,,,,,,,,,,,,,,,
,,,,,,,,,,,,,,,,,,,,,,,,,,,,,,,,,,,
,,,,,,,,,,,,,,,,,,,,,,,,,,,,,,,,,,,
,,,,,,,,,,,,,,,,,,,,,,,,,,,,,,,,,,,
,,,,,,,,,,,,,,,,,,,,,,,,,,,,,,,,,,,
,,,,,,,,,,,,,,,,,,,,,,,,,,,,,,,,,,,
,,,,,,,,,,,,,,,,,,,,,,,,,,,,,,,,,,,
,,,,,,,,,,,,,,,,,,,,,,,,,,,,,,,,,,,
,,,,,,,,,,,,,,,,,,,,,,,,,,,,,,,,,,,
,,,,,,,,,,,,,,,,,,,,,,,,,,,,,,,,,,,
,,,,,,,,,,,,,,,,,,,,,,,,,,,,,,,,,,,
,,,,,,,,,,,,,,,,,,,,,,,,,,,,,,,,,,,
,,,,,,,,,,,,,,,,,,,,,,,,,,,,,,,,,,,
,,,,,,,,,,,,,,,,,,,,,,,,,,,,,,,,,,,
,,,,,,,,,,,,,,,,,,,,,,,,,,,,,,,,,,,
,,,,,,,,,,,,,,,,,,,,,,,,,,,,,,,,,,,
,,,,,,,,,,,,,,,,,,,,,,,,,,,,,,,,,,,
,,,,,,,,,,,,,,,,,,,,,,,,,,,,,,,,,,,
,,,,,,,,,,,,,,,,,,,,,,,,,,,,,,,,,,,
,,,,,,,,,,,,,,,,,,,,,,,,,,,,,,,,,,,
,,,,,,,,,,,,,,,,,,,,,,,,,,,,,,,,,,,
,,,,,,,,,,,,,,,,,,,,,,,,,,,,,,,,,,,
,,,,,,,,,,,,,,,,,,,,,,,,,,,,,,,,,,,
,,,,,,,,,,,,,,,,,,,,,,,,,,,,,,,,,,,
,,,,,,,,,,,,,,,,,,,,,,,,,,,,,,,,,,,
,,,,,,,,,,,,,,,,,,,,,,,,,,,,,,,,,,,
,,,,,,,,,,,,,,,,,,,,,,,,,,,,,,,,,,,
,,,,,,,,,,,,,,,,,,,,,,,,,,,,,,,,,,,
,,,,,,,,,,,,,,,,,,,,,,,,,,,,,,,,,,,
,,,,,,,,,,,,,,,,,,,,,,,,,,,,,,,,,,,
,,,,,,,,,,,,,,,,,,,,,,,,,,,,,,,,,,,
,,,,,,,,,,,,,,,,,,,,,,,,,,,,,,,,,,,
,,,,,,,,,,,,,,,,,,,,,,,,,,,,,,,,,,,
,,,,,,,,,,,,,,,,,,,,,,,,,,,,,,,,,,,
,,,,,,,,,,,,,,,,,,,,,,,,,,,,,,,,,,,
,,,,,,,,,,,,,,,,,,,,,,,,,,,,,,,,,,,
,,,,,,,,,,,,,,,,,,,,,,,,,,,,,,,,,,,
,,,,,,,,,,,,,,,,,,,,,,,,,,,,,,,,,,,
,,,,,,,,,,,,,,,,,,,,,,,,,,,,,,,,,,,
,,,,,,,,,,,,,,,,,,,,,,,,,,,,,,,,,,,
,,,,,,,,,,,,,,,,,,,,,,,,,,,,,,,,,,,
,,,,,,,,,,,,,,,,,,,,,,,,,,,,,,,,,,,
,,,,,,,,,,,,,,,,,,,,,,,,,,,,,,,,,,,
,,,,,,,,,,,,,,,,,,,,,,,,,,,,,,,,,,,
,,,,,,,,,,,,,,,,,,,,,,,,,,,,,,,,,,,
,,,,,,,,,,,,,,,,,,,,,,,,,,,,,,,,,,,
,,,,,,,,,,,,,,,,,,,,,,,,,,,,,,,,,,,
,,,,,,,,,,,,,,,,,,,,,,,,,,,,,,,,,,,
,,,,,,,,,,,,,,,,,,,,,,,,,,,,,,,,,,,
,,,,,,,,,,,,,,,,,,,,,,,,,,,,,,,,,,,
,,,,,,,,,,,,,,,,,,,,,,,,,,,,,,,,,,,
,,,,,,,,,,,,,,,,,,,,,,,,,,,,,,,,,,,
,,,,,,,,,,,,,,,,,,,,,,,,,,,,,,,,,,,
,,,,,,,,,,,,,,,,,,,,,,,,,,,,,,,,,,,
,,,,,,,,,,,,,,,,,,,,,,,,,,,,,,,,,,,
,,,,,,,,,,,,,,,,,,,,,,,,,,,,,,,,,,,
,,,,,,,,,,,,,,,,,,,,,,,,,,,,,,,,,,,
,,,,,,,,,,,,,,,,,,,,,,,,,,,,,,,,,,,
,,,,,,,,,,,,,,,,,,,,,,,,,,,,,,,,,,,
,,,,,,,,,,,,,,,,,,,,,,,,,,,,,,,,,,,
,,,,,,,,,,,,,,,,,,,,,,,,,,,,,,,,,,,
,,,,,,,,,,,,,,,,,,,,,,,,,,,,,,,,,,,
,,,,,,,,,,,,,,,,,,,,,,,,,,,,,,,,,,,
,,,,,,,,,,,,,,,,,,,,,,,,,,,,,,,,,,,
,,,,,,,,,,,,,,,,,,,,,,,,,,,,,,,,,,,
,,,,,,,,,,,,,,,,,,,,,,,,,,,,,,,,,,,
,,,,,,,,,,,,,,,,,,,,,,,,,,,,,,,,,,,
,,,,,,,,,,,,,,,,,,,,,,,,,,,,,,,,,,,
,,,,,,,,,,,,,,,,,,,,,,,,,,,,,,,,,,,
,,,,,,,,,,,,,,,,,,,,,,,,,,,,,,,,,,,
,,,,,,,,,,,,,,,,,,,,,,,,,,,,,,,,,,,
,,,,,,,,,,,,,,,,,,,,,,,,,,,,,,,,,,,
,,,,,,,,,,,,,,,,,,,,,,,,,,,,,,,,,,,
,,,,,,,,,,,,,,,,,,,,,,,,,,,,,,,,,,,
,,,,,,,,,,,,,,,,,,,,,,,,,,,,,,,,,,,
,,,,,,,,,,,,,,,,,,,,,,,,,,,,,,,,,,,
,,,,,,,,,,,,,,,,,,,,,,,,,,,,,,,,,,,
,,,,,,,,,,,,,,,,,,,,,,,,,,,,,,,,,,,
,,,,,,,,,,,,,,,,,,,,,,,,,,,,,,,,,,,
,,,,,,,,,,,,,,,,,,,,,,,,,,,,,,,,,,,
,,,,,,,,,,,,,,,,,,,,,,,,,,,,,,,,,,,
,,,,,,,,,,,,,,,,,,,,,,,,,,,,,,,,,,,
,,,,,,,,,,,,,,,,,,,,,,,,,,,,,,,,,,,
,,,,,,,,,,,,,,,,,,,,,,,,,,,,,,,,,,,
,,,,,,,,,,,,,,,,,,,,,,,,,,,,,,,,,,,
,,,,,,,,,,,,,,,,,,,,,,,,,,,,,,,,,,,
,,,,,,,,,,,,,,,,,,,,,,,,,,,,,,,,,,,
,,,,,,,,,,,,,,,,,,,,,,,,,,,,,,,,,,,
,,,,,,,,,,,,,,,,,,,,,,,,,,,,,,,,,,,
,,,,,,,,,,,,,,,,,,,,,,,,,,,,,,,,,,,
,,,,,,,,,,,,,,,,,,,,,,,,,,,,,,,,,,,
,,,,,,,,,,,,,,,,,,,,,,,,,,,,,,,,,,,
,,,,,,,,,,,,,,,,,,,,,,,,,,,,,,,,,,,
,,,,,,,,,,,,,,,,,,,,,,,,,,,,,,,,,,,
,,,,,,,,,,,,,,,,,,,,,,,,,,,,,,,,,,,
,,,,,,,,,,,,,,,,,,,,,,,,,,,,,,,,,,,
,,,,,,,,,,,,,,,,,,,,,,,,,,,,,,,,,,,
,,,,,,,,,,,,,,,,,,,,,,,,,,,,,,,,,,,
,,,,,,,,,,,,,,,,,,,,,,,,,,,,,,,,,,,
,,,,,,,,,,,,,,,,,,,,,,,,,,,,,,,,,,,
,,,,,,,,,,,,,,,,,,,,,,,,,,,,,,,,,,,
,,,,,,,,,,,,,,,,,,,,,,,,,,,,,,,,,,,
,,,,,,,,,,,,,,,,,,,,,,,,,,,,,,,,,,,
,,,,,,,,,,,,,,,,,,,,,,,,,,,,,,,,,,,
,,,,,,,,,,,,,,,,,,,,,,,,,,,,,,,,,,,
,,,,,,,,,,,,,,,,,,,,,,,,,,,,,,,,,,,
,,,,,,,,,,,,,,,,,,,,,,,,,,,,,,,,,,,
,,,,,,,,,,,,,,,,,,,,,,,,,,,,,,,,,,,
,,,,,,,,,,,,,,,,,,,,,,,,,,,,,,,,,,,
,,,,,,,,,,,,,,,,,,,,,,,,,,,,,,,,,,,
,,,,,,,,,,,,,,,,,,,,,,,,,,,,,,,,,,,
,,,,,,,,,,,,,,,,,,,,,,,,,,,,,,,,,,,
,,,,,,,,,,,,,,,,,,,,,,,,,,,,,,,,,,,
,,,,,,,,,,,,,,,,,,,,,,,,,,,,,,,,,,,
,,,,,,,,,,,,,,,,,,,,,,,,,,,,,,,,,,,
,,,,,,,,,,,,,,,,,,,,,,,,,,,,,,,,,,,
,,,,,,,,,,,,,,,,,,,,,,,,,,,,,,,,,,,
,,,,,,,,,,,,,,,,,,,,,,,,,,,,,,,,,,,
,,,,,,,,,,,,,,,,,,,,,,,,,,,,,,,,,,,
,,,,,,,,,,,,,,,,,,,,,,,,,,,,,,,,,,,
,,,,,,,,,,,,,,,,,,,,,,,,,,,,,,,,,,,
,,,,,,,,,,,,,,,,,,,,,,,,,,,,,,,,,,,
,,,,,,,,,,,,,,,,,,,,,,,,,,,,,,,,,,,
,,,,,,,,,,,,,,,,,,,,,,,,,,,,,,,,,,,
,,,,,,,,,,,,,,,,,,,,,,,,,,,,,,,,,,,
,,,,,,,,,,,,,,,,,,,,,,,,,,,,,,,,,,,
,,,,,,,,,,,,,,,,,,,,,,,,,,,,,,,,,,,
,,,,,,,,,,,,,,,,,,,,,,,,,,,,,,,,,,,
,,,,,,,,,,,,,,,,,,,,,,,,,,,,,,,,,,,
,,,,,,,,,,,,,,,,,,,,,,,,,,,,,,,,,,,
,,,,,,,,,,,,,,,,,,,,,,,,,,,,,,,,,,,
,,,,,,,,,,,,,,,,,,,,,,,,,,,,,,,,,,,
,,,,,,,,,,,,,,,,,,,,,,,,,,,,,,,,,,,
,,,,,,,,,,,,,,,,,,,,,,,,,,,,,,,,,,,
,,,,,,,,,,,,,,,,,,,,,,,,,,,,,,,,,,,
,,,,,,,,,,,,,,,,,,,,,,,,,,,,,,,,,,,
,,,,,,,,,,,,,,,,,,,,,,,,,,,,,,,,,,,
,,,,,,,,,,,,,,,,,,,,,,,,,,,,,,,,,,,
,,,,,,,,,,,,,,,,,,,,,,,,,,,,,,,,,,,
,,,,,,,,,,,,,,,,,,,,,,,,,,,,,,,,,,,
,,,,,,,,,,,,,,,,,,,,,,,,,,,,,,,,,,,
,,,,,,,,,,,,,,,,,,,,,,,,,,,,,,,,,,,
,,,,,,,,,,,,,,,,,,,,,,,,,,,,,,,,,,,
,,,,,,,,,,,,,,,,,,,,,,,,,,,,,,,,,,,
,,,,,,,,,,,,,,,,,,,,,,,,,,,,,,,,,,,
,,,,,,,,,,,,,,,,,,,,,,,,,,,,,,,,,,,
,,,,,,,,,,,,,,,,,,,,,,,,,,,,,,,,,,,
,,,,,,,,,,,,,,,,,,,,,,,,,,,,,,,,,,,
,,,,,,,,,,,,,,,,,,,,,,,,,,,,,,,,,,,
,,,,,,,,,,,,,,,,,,,,,,,,,,,,,,,,,,,
,,,,,,,,,,,,,,,,,,,,,,,,,,,,,,,,,,,
,,,,,,,,,,,,,,,,,,,,,,,,,,,,,,,,,,,
,,,,,,,,,,,,,,,,,,,,,,,,,,,,,,,,,,,
,,,,,,,,,,,,,,,,,,,,,,,,,,,,,,,,,,,
,,,,,,,,,,,,,,,,,,,,,,,,,,,,,,,,,,,
,,,,,,,,,,,,,,,,,,,,,,,,,,,,,,,,,,,
,,,,,,,,,,,,,,,,,,,,,,,,,,,,,,,,,,,
,,,,,,,,,,,,,,,,,,,,,,,,,,,,,,,,,,,
,,,,,,,,,,,,,,,,,,,,,,,,,,,,,,,,,,,
,,,,,,,,,,,,,,,,,,,,,,,,,,,,,,,,,,,
,,,,,,,,,,,,,,,,,,,,,,,,,,,,,,,,,,,
,,,,,,,,,,,,,,,,,,,,,,,,,,,,,,,,,,,
,,,,,,,,,,,,,,,,,,,,,,,,,,,,,,,,,,,
,,,,,,,,,,,,,,,,,,,,,,,,,,,,,,,,,,,
,,,,,,,,,,,,,,,,,,,,,,,,,,,,,,,,,,,
,,,,,,,,,,,,,,,,,,,,,,,,,,,,,,,,,,,
,,,,,,,,,,,,,,,,,,,,,,,,,,,,,,,,,,,
,,,,,,,,,,,,,,,,,,,,,,,,,,,,,,,,,,,
,,,,,,,,,,,,,,,,,,,,,,,,,,,,,,,,,,,
,,,,,,,,,,,,,,,,,,,,,,,,,,,,,,,,,,,
,,,,,,,,,,,,,,,,,,,,,,,,,,,,,,,,,,,
,,,,,,,,,,,,,,,,,,,,,,,,,,,,,,,,,,,
,,,,,,,,,,,,,,,,,,,,,,,,,,,,,,,,,,,
,,,,,,,,,,,,,,,,,,,,,,,,,,,,,,,,,,,
,,,,,,,,,,,,,,,,,,,,,,,,,,,,,,,,,,,
,,,,,,,,,,,,,,,,,,,,,,,,,,,,,,,,,,,
,,,,,,,,,,,,,,,,,,,,,,,,,,,,,,,,,,,
,,,,,,,,,,,,,,,,,,,,,,,,,,,,,,,,,,,
,,,,,,,,,,,,,,,,,,,,,,,,,,,,,,,,,,,
,,,,,,,,,,,,,,,,,,,,,,,,,,,,,,,,,,,
,,,,,,,,,,,,,,,,,,,,,,,,,,,,,,,,,,,
,,,,,,,,,,,,,,,,,,,,,,,,,,,,,,,,,,,
,,,,,,,,,,,,,,,,,,,,,,,,,,,,,,,,,,,
,,,,,,,,,,,,,,,,,,,,,,,,,,,,,,,,,,,
,,,,,,,,,,,,,,,,,,,,,,,,,,,,,,,,,,,
,,,,,,,,,,,,,,,,,,,,,,,,,,,,,,,,,,,
,,,,,,,,,,,,,,,,,,,,,,,,,,,,,,,,,,,
,,,,,,,,,,,,,,,,,,,,,,,,,,,,,,,,,,,
,,,,,,,,,,,,,,,,,,,,,,,,,,,,,,,,,,,
,,,,,,,,,,,,,,,,,,,,,,,,,,,,,,,,,,,
,,,,,,,,,,,,,,,,,,,,,,,,,,,,,,,,,,,
,,,,,,,,,,,,,,,,,,,,,,,,,,,,,,,,,,,
,,,,,,,,,,,,,,,,,,,,,,,,,,,,,,,,,,,
,,,,,,,,,,,,,,,,,,,,,,,,,,,,,,,,,,,
,,,,,,,,,,,,,,,,,,,,,,,,,,,,,,,,,,,
,,,,,,,,,,,,,,,,,,,,,,,,,,,,,,,,,,,
,,,,,,,,,,,,,,,,,,,,,,,,,,,,,,,,,,,
,,,,,,,,,,,,,,,,,,,,,,,,,,,,,,,,,,,
,,,,,,,,,,,,,,,,,,,,,,,,,,,,,,,,,,,
,,,,,,,,,,,,,,,,,,,,,,,,,,,,,,,,,,,
,,,,,,,,,,,,,,,,,,,,,,,,,,,,,,,,,,,
,,,,,,,,,,,,,,,,,,,,,,,,,,,,,,,,,,,
,,,,,,,,,,,,,,,,,,,,,,,,,,,,,,,,,,,
,,,,,,,,,,,,,,,,,,,,,,,,,,,,,,,,,,,
,,,,,,,,,,,,,,,,,,,,,,,,,,,,,,,,,,,
,,,,,,,,,,,,,,,,,,,,,,,,,,,,,,,,,,,
,,,,,,,,,,,,,,,,,,,,,,,,,,,,,,,,,,,
,,,,,,,,,,,,,,,,,,,,,,,,,,,,,,,,,,,
,,,,,,,,,,,,,,,,,,,,,,,,,,,,,,,,,,,
,,,,,,,,,,,,,,,,,,,,,,,,,,,,,,,,,,,
,,,,,,,,,,,,,,,,,,,,,,,,,,,,,,,,,,,
,,,,,,,,,,,,,,,,,,,,,,,,,,,,,,,,,,,
,,,,,,,,,,,,,,,,,,,,,,,,,,,,,,,,,,,
,,,,,,,,,,,,,,,,,,,,,,,,,,,,,,,,,,,
,,,,,,,,,,,,,,,,,,,,,,,,,,,,,,,,,,,
,,,,,,,,,,,,,,,,,,,,,,,,,,,,,,,,,,,
,,,,,,,,,,,,,,,,,,,,,,,,,,,,,,,,,,,
,,,,,,,,,,,,,,,,,,,,,,,,,,,,,,,,,,,
,,,,,,,,,,,,,,,,,,,,,,,,,,,,,,,,,,,
,,,,,,,,,,,,,,,,,,,,,,,,,,,,,,,,,,,
,,,,,,,,,,,,,,,,,,,,,,,,,,,,,,,,,,,
,,,,,,,,,,,,,,,,,,,,,,,,,,,,,,,,,,,
,,,,,,,,,,,,,,,,,,,,,,,,,,,,,,,,,,,
,,,,,,,,,,,,,,,,,,,,,,,,,,,,,,,,,,,
,,,,,,,,,,,,,,,,,,,,,,,,,,,,,,,,,,,
,,,,,,,,,,,,,,,,,,,,,,,,,,,,,,,,,,,
,,,,,,,,,,,,,,,,,,,,,,,,,,,,,,,,,,,
,,,,,,,,,,,,,,,,,,,,,,,,,,,,,,,,,,,
,,,,,,,,,,,,,,,,,,,,,,,,,,,,,,,,,,,
,,,,,,,,,,,,,,,,,,,,,,,,,,,,,,,,,,,
,,,,,,,,,,,,,,,,,,,,,,,,,,,,,,,,,,,
,,,,,,,,,,,,,,,,,,,,,,,,,,,,,,,,,,,
,,,,,,,,,,,,,,,,,,,,,,,,,,,,,,,,,,,
,,,,,,,,,,,,,,,,,,,,,,,,,,,,,,,,,,,
,,,,,,,,,,,,,,,,,,,,,,,,,,,,,,,,,,,
,,,,,,,,,,,,,,,,,,,,,,,,,,,,,,,,,,,
,,,,,,,,,,,,,,,,,,,,,,,,,,,,,,,,,,,
,,,,,,,,,,,,,,,,,,,,,,,,,,,,,,,,,,,
,,,,,,,,,,,,,,,,,,,,,,,,,,,,,,,,,,,
,,,,,,,,,,,,,,,,,,,,,,,,,,,,,,,,,,,
,,,,,,,,,,,,,,,,,,,,,,,,,,,,,,,,,,,
,,,,,,,,,,,,,,,,,,,,,,,,,,,,,,,,,,,
,,,,,,,,,,,,,,,,,,,,,,,,,,,,,,,,,,,
,,,,,,,,,,,,,,,,,,,,,,,,,,,,,,,,,,,
,,,,,,,,,,,,,,,,,,,,,,,,,,,,,,,,,,,
,,,,,,,,,,,,,,,,,,,,,,,,,,,,,,,,,,,
,,,,,,,,,,,,,,,,,,,,,,,,,,,,,,,,,,,
,,,,,,,,,,,,,,,,,,,,,,,,,,,,,,,,,,,
,,,,,,,,,,,,,,,,,,,,,,,,,,,,,,,,,,,
,,,,,,,,,,,,,,,,,,,,,,,,,,,,,,,,,,,
,,,,,,,,,,,,,,,,,,,,,,,,,,,,,,,,,,,
,,,,,,,,,,,,,,,,,,,,,,,,,,,,,,,,,,,
,,,,,,,,,,,,,,,,,,,,,,,,,,,,,,,,,,,
,,,,,,,,,,,,,,,,,,,,,,,,,,,,,,,,,,,
,,,,,,,,,,,,,,,,,,,,,,,,,,,,,,,,,,,
,,,,,,,,,,,,,,,,,,,,,,,,,,,,,,,,,,,
,,,,,,,,,,,,,,,,,,,,,,,,,,,,,,,,,,,
,,,,,,,,,,,,,,,,,,,,,,,,,,,,,,,,,,,
,,,,,,,,,,,,,,,,,,,,,,,,,,,,,,,,,,,
,,,,,,,,,,,,,,,,,,,,,,,,,,,,,,,,,,,
,,,,,,,,,,,,,,,,,,,,,,,,,,,,,,,,,,,
,,,,,,,,,,,,,,,,,,,,,,,,,,,,,,,,,,,
,,,,,,,,,,,,,,,,,,,,,,,,,,,,,,,,,,,
,,,,,,,,,,,,,,,,,,,,,,,,,,,,,,,,,,,
,,,,,,,,,,,,,,,,,,,,,,,,,,,,,,,,,,,
,,,,,,,,,,,,,,,,,,,,,,,,,,,,,,,,,,,
,,,,,,,,,,,,,,,,,,,,,,,,,,,,,,,,,,,
,,,,,,,,,,,,,,,,,,,,,,,,,,,,,,,,,,,
,,,,,,,,,,,,,,,,,,,,,,,,,,,,,,,,,,,
,,,,,,,,,,,,,,,,,,,,,,,,,,,,,,,,,,,
,,,,,,,,,,,,,,,,,,,,,,,,,,,,,,,,,,,
,,,,,,,,,,,,,,,,,,,,,,,,,,,,,,,,,,,
,,,,,,,,,,,,,,,,,,,,,,,,,,,,,,,,,,,
,,,,,,,,,,,,,,,,,,,,,,,,,,,,,,,,,,,
,,,,,,,,,,,,,,,,,,,,,,,,,,,,,,,,,,,
,,,,,,,,,,,,,,,,,,,,,,,,,,,,,,,,,,,
,,,,,,,,,,,,,,,,,,,,,,,,,,,,,,,,,,,
,,,,,,,,,,,,,,,,,,,,,,,,,,,,,,,,,,,
,,,,,,,,,,,,,,,,,,,,,,,,,,,,,,,,,,,
,,,,,,,,,,,,,,,,,,,,,,,,,,,,,,,,,,,
,,,,,,,,,,,,,,,,,,,,,,,,,,,,,,,,,,,
,,,,,,,,,,,,,,,,,,,,,,,,,,,,,,,,,,,
,,,,,,,,,,,,,,,,,,,,,,,,,,,,,,,,,,,
,,,,,,,,,,,,,,,,,,,,,,,,,,,,,,,,,,,
,,,,,,,,,,,,,,,,,,,,,,,,,,,,,,,,,,,
,,,,,,,,,,,,,,,,,,,,,,,,,,,,,,,,,,,
,,,,,,,,,,,,,,,,,,,,,,,,,,,,,,,,,,,
,,,,,,,,,,,,,,,,,,,,,,,,,,,,,,,,,,,
,,,,,,,,,,,,,,,,,,,,,,,,,,,,,,,,,,,
,,,,,,,,,,,,,,,,,,,,,,,,,,,,,,,,,,,
,,,,,,,,,,,,,,,,,,,,,,,,,,,,,,,,,,,
,,,,,,,,,,,,,,,,,,,,,,,,,,,,,,,,,,,
,,,,,,,,,,,,,,,,,,,,,,,,,,,,,,,,,,,
,,,,,,,,,,,,,,,,,,,,,,,,,,,,,,,,,,,
,,,,,,,,,,,,,,,,,,,,,,,,,,,,,,,,,,,
,,,,,,,,,,,,,,,,,,,,,,,,,,,,,,,,,,,
,,,,,,,,,,,,,,,,,,,,,,,,,,,,,,,,,,,
,,,,,,,,,,,,,,,,,,,,,,,,,,,,,,,,,,,
,,,,,,,,,,,,,,,,,,,,,,,,,,,,,,,,,,,
,,,,,,,,,,,,,,,,,,,,,,,,,,,,,,,,,,,
,,,,,,,,,,,,,,,,,,,,,,,,,,,,,,,,,,,
,,,,,,,,,,,,,,,,,,,,,,,,,,,,,,,,,,,
,,,,,,,,,,,,,,,,,,,,,,,,,,,,,,,,,,,
,,,,,,,,,,,,,,,,,,,,,,,,,,,,,,,,,,,
,,,,,,,,,,,,,,,,,,,,,,,,,,,,,,,,,,,
,,,,,,,,,,,,,,,,,,,,,,,,,,,,,,,,,,,
,,,,,,,,,,,,,,,,,,,,,,,,,,,,,,,,,,,
,,,,,,,,,,,,,,,,,,,,,,,,,,,,,,,,,,,
,,,,,,,,,,,,,,,,,,,,,,,,,,,,,,,,,,,
,,,,,,,,,,,,,,,,,,,,,,,,,,,,,,,,,,,
,,,,,,,,,,,,,,,,,,,,,,,,,,,,,,,,,,,
,,,,,,,,,,,,,,,,,,,,,,,,,,,,,,,,,,,
,,,,,,,,,,,,,,,,,,,,,,,,,,,,,,,,,,,
,,,,,,,,,,,,,,,,,,,,,,,,,,,,,,,,,,,
,,,,,,,,,,,,,,,,,,,,,,,,,,,,,,,,,,,
,,,,,,,,,,,,,,,,,,,,,,,,,,,,,,,,,,,
,,,,,,,,,,,,,,,,,,,,,,,,,,,,,,,,,,,
,,,,,,,,,,,,,,,,,,,,,,,,,,,,,,,,,,,
,,,,,,,,,,,,,,,,,,,,,,,,,,,,,,,,,,,
,,,,,,,,,,,,,,,,,,,,,,,,,,,,,,,,,,,
,,,,,,,,,,,,,,,,,,,,,,,,,,,,,,,,,,,
,,,,,,,,,,,,,,,,,,,,,,,,,,,,,,,,,,,
,,,,,,,,,,,,,,,,,,,,,,,,,,,,,,,,,,,
,,,,,,,,,,,,,,,,,,,,,,,,,,,,,,,,,,,
,,,,,,,,,,,,,,,,,,,,,,,,,,,,,,,,,,,
,,,,,,,,,,,,,,,,,,,,,,,,,,,,,,,,,,,
,,,,,,,,,,,,,,,,,,,,,,,,,,,,,,,,,,,
,,,,,,,,,,,,,,,,,,,,,,,,,,,,,,,,,,,
,,,,,,,,,,,,,,,,,,,,,,,,,,,,,,,,,,,
,,,,,,,,,,,,,,,,,,,,,,,,,,,,,,,,,,,
,,,,,,,,,,,,,,,,,,,,,,,,,,,,,,,,,,,
,,,,,,,,,,,,,,,,,,,,,,,,,,,,,,,,,,,
,,,,,,,,,,,,,,,,,,,,,,,,,,,,,,,,,,,
,,,,,,,,,,,,,,,,,,,,,,,,,,,,,,,,,,,
,,,,,,,,,,,,,,,,,,,,,,,,,,,,,,,,,,,
,,,,,,,,,,,,,,,,,,,,,,,,,,,,,,,,,,,
,,,,,,,,,,,,,,,,,,,,,,,,,,,,,,,,,,,
,,,,,,,,,,,,,,,,,,,,,,,,,,,,,,,,,,,
,,,,,,,,,,,,,,,,,,,,,,,,,,,,,,,,,,,
,,,,,,,,,,,,,,,,,,,,,,,,,,,,,,,,,,,
,,,,,,,,,,,,,,,,,,,,,,,,,,,,,,,,,,,
,,,,,,,,,,,,,,,,,,,,,,,,,,,,,,,,,,,
,,,,,,,,,,,,,,,,,,,,,,,,,,,,,,,,,,,
,,,,,,,,,,,,,,,,,,,,,,,,,,,,,,,,,,,
,,,,,,,,,,,,,,,,,,,,,,,,,,,,,,,,,,,
,,,,,,,,,,,,,,,,,,,,,,,,,,,,,,,,,,,
,,,,,,,,,,,,,,,,,,,,,,,,,,,,,,,,,,,
,,,,,,,,,,,,,,,,,,,,,,,,,,,,,,,,,,,
,,,,,,,,,,,,,,,,,,,,,,,,,,,,,,,,,,,
,,,,,,,,,,,,,,,,,,,,,,,,,,,,,,,,,,,
,,,,,,,,,,,,,,,,,,,,,,,,,,,,,,,,,,,
,,,,,,,,,,,,,,,,,,,,,,,,,,,,,,,,,,,
,,,,,,,,,,,,,,,,,,,,,,,,,,,,,,,,,,,
,,,,,,,,,,,,,,,,,,,,,,,,,,,,,,,,,,,
,,,,,,,,,,,,,,,,,,,,,,,,,,,,,,,,,,,
,,,,,,,,,,,,,,,,,,,,,,,,,,,,,,,,,,,
,,,,,,,,,,,,,,,,,,,,,,,,,,,,,,,,,,,
,,,,,,,,,,,,,,,,,,,,,,,,,,,,,,,,,,,
,,,,,,,,,,,,,,,,,,,,,,,,,,,,,,,,,,,
,,,,,,,,,,,,,,,,,,,,,,,,,,,,,,,,,,,
,,,,,,,,,,,,,,,,,,,,,,,,,,,,,,,,,,,
,,,,,,,,,,,,,,,,,,,,,,,,,,,,,,,,,,,
,,,,,,,,,,,,,,,,,,,,,,,,,,,,,,,,,,,
,,,,,,,,,,,,,,,,,,,,,,,,,,,,,,,,,,,
,,,,,,,,,,,,,,,,,,,,,,,,,,,,,,,,,,,
,,,,,,,,,,,,,,,,,,,,,,,,,,,,,,,,,,,
,,,,,,,,,,,,,,,,,,,,,,,,,,,,,,,,,,,
,,,,,,,,,,,,,,,,,,,,,,,,,,,,,,,,,,,
,,,,,,,,,,,,,,,,,,,,,,,,,,,,,,,,,,,
,,,,,,,,,,,,,,,,,,,,,,,,,,,,,,,,,,,
,,,,,,,,,,,,,,,,,,,,,,,,,,,,,,,,,,,
,,,,,,,,,,,,,,,,,,,,,,,,,,,,,,,,,,,
,,,,,,,,,,,,,,,,,,,,,,,,,,,,,,,,,,,
,,,,,,,,,,,,,,,,,,,,,,,,,,,,,,,,,,,
,,,,,,,,,,,,,,,,,,,,,,,,,,,,,,,,,,,
,,,,,,,,,,,,,,,,,,,,,,,,,,,,,,,,,,,
,,,,,,,,,,,,,,,,,,,,,,,,,,,,,,,,,,,
,,,,,,,,,,,,,,,,,,,,,,,,,,,,,,,,,,,
,,,,,,,,,,,,,,,,,,,,,,,,,,,,,,,,,,,
,,,,,,,,,,,,,,,,,,,,,,,,,,,,,,,,,,,
,,,,,,,,,,,,,,,,,,,,,,,,,,,,,,,,,,,
,,,,,,,,,,,,,,,,,,,,,,,,,,,,,,,,,,,
,,,,,,,,,,,,,,,,,,,,,,,,,,,,,,,,,,,
,,,,,,,,,,,,,,,,,,,,,,,,,,,,,,,,,,,
,,,,,,,,,,,,,,,,,,,,,,,,,,,,,,,,,,,
,,,,,,,,,,,,,,,,,,,,,,,,,,,,,,,,,,,
,,,,,,,,,,,,,,,,,,,,,,,,,,,,,,,,,,,
,,,,,,,,,,,,,,,,,,,,,,,,,,,,,,,,,,,
,,,,,,,,,,,,,,,,,,,,,,,,,,,,,,,,,,,
,,,,,,,,,,,,,,,,,,,,,,,,,,,,,,,,,,,
,,,,,,,,,,,,,,,,,,,,,,,,,,,,,,,,,,,
,,,,,,,,,,,,,,,,,,,,,,,,,,,,,,,,,,,
,,,,,,,,,,,,,,,,,,,,,,,,,,,,,,,,,,,
,,,,,,,,,,,,,,,,,,,,,,,,,,,,,,,,,,,
,,,,,,,,,,,,,,,,,,,,,,,,,,,,,,,,,,,
,,,,,,,,,,,,,,,,,,,,,,,,,,,,,,,,,,,
,,,,,,,,,,,,,,,,,,,,,,,,,,,,,,,,,,,
,,,,,,,,,,,,,,,,,,,,,,,,,,,,,,,,,,,
,,,,,,,,,,,,,,,,,,,,,,,,,,,,,,,,,,,
,,,,,,,,,,,,,,,,,,,,,,,,,,,,,,,,,,,
,,,,,,,,,,,,,,,,,,,,,,,,,,,,,,,,,,,
,,,,,,,,,,,,,,,,,,,,,,,,,,,,,,,,,,,
,,,,,,,,,,,,,,,,,,,,,,,,,,,,,,,,,,,
,,,,,,,,,,,,,,,,,,,,,,,,,,,,,,,,,,,
,,,,,,,,,,,,,,,,,,,,,,,,,,,,,,,,,,,
,,,,,,,,,,,,,,,,,,,,,,,,,,,,,,,,,,,
,,,,,,,,,,,,,,,,,,,,,,,,,,,,,,,,,,,
,,,,,,,,,,,,,,,,,,,,,,,,,,,,,,,,,,,
,,,,,,,,,,,,,,,,,,,,,,,,,,,,,,,,,,,
,,,,,,,,,,,,,,,,,,,,,,,,,,,,,,,,,,,
,,,,,,,,,,,,,,,,,,,,,,,,,,,,,,,,,,,
,,,,,,,,,,,,,,,,,,,,,,,,,,,,,,,,,,,
,,,,,,,,,,,,,,,,,,,,,,,,,,,,,,,,,,,
,,,,,,,,,,,,,,,,,,,,,,,,,,,,,,,,,,,
,,,,,,,,,,,,,,,,,,,,,,,,,,,,,,,,,,,
,,,,,,,,,,,,,,,,,,,,,,,,,,,,,,,,,,,
,,,,,,,,,,,,,,,,,,,,,,,,,,,,,,,,,,,
,,,,,,,,,,,,,,,,,,,,,,,,,,,,,,,,,,,
,,,,,,,,,,,,,,,,,,,,,,,,,,,,,,,,,,,
,,,,,,,,,,,,,,,,,,,,,,,,,,,,,,,,,,,
,,,,,,,,,,,,,,,,,,,,,,,,,,,,,,,,,,,
,,,,,,,,,,,,,,,,,,,,,,,,,,,,,,,,,,,
,,,,,,,,,,,,,,,,,,,,,,,,,,,,,,,,,,,
,,,,,,,,,,,,,,,,,,,,,,,,,,,,,,,,,,,
,,,,,,,,,,,,,,,,,,,,,,,,,,,,,,,,,,,
,,,,,,,,,,,,,,,,,,,,,,,,,,,,,,,,,,,
,,,,,,,,,,,,,,,,,,,,,,,,,,,,,,,,,,,
,,,,,,,,,,,,,,,,,,,,,,,,,,,,,,,,,,,
,,,,,,,,,,,,,,,,,,,,,,,,,,,,,,,,,,,
,,,,,,,,,,,,,,,,,,,,,,,,,,,,,,,,,,,
,,,,,,,,,,,,,,,,,,,,,,,,,,,,,,,,,,,
,,,,,,,,,,,,,,,,,,,,,,,,,,,,,,,,,,,
,,,,,,,,,,,,,,,,,,,,,,,,,,,,,,,,,,,
,,,,,,,,,,,,,,,,,,,,,,,,,,,,,,,,,,,
,,,,,,,,,,,,,,,,,,,,,,,,,,,,,,,,,,,
,,,,,,,,,,,,,,,,,,,,,,,,,,,,,,,,,,,
,,,,,,,,,,,,,,,,,,,,,,,,,,,,,,,,,,,
,,,,,,,,,,,,,,,,,,,,,,,,,,,,,,,,,,,
,,,,,,,,,,,,,,,,,,,,,,,,,,,,,,,,,,,
,,,,,,,,,,,,,,,,,,,,,,,,,,,,,,,,,,,
,,,,,,,,,,,,,,,,,,,,,,,,,,,,,,,,,,,
,,,,,,,,,,,,,,,,,,,,,,,,,,,,,,,,,,,
,,,,,,,,,,,,,,,,,,,,,,,,,,,,,,,,,,,
,,,,,,,,,,,,,,,,,,,,,,,,,,,,,,,,,,,
,,,,,,,,,,,,,,,,,,,,,,,,,,,,,,,,,,,
,,,,,,,,,,,,,,,,,,,,,,,,,,,,,,,,,,,
,,,,,,,,,,,,,,,,,,,,,,,,,,,,,,,,,,,
,,,,,,,,,,,,,,,,,,,,,,,,,,,,,,,,,,,
,,,,,,,,,,,,,,,,,,,,,,,,,,,,,,,,,,,
,,,,,,,,,,,,,,,,,,,,,,,,,,,,,,,,,,,
,,,,,,,,,,,,,,,,,,,,,,,,,,,,,,,,,,,
,,,,,,,,,,,,,,,,,,,,,,,,,,,,,,,,,,,
,,,,,,,,,,,,,,,,,,,,,,,,,,,,,,,,,,,
,,,,,,,,,,,,,,,,,,,,,,,,,,,,,,,,,,,
,,,,,,,,,,,,,,,,,,,,,,,,,,,,,,,,,,,
,,,,,,,,,,,,,,,,,,,,,,,,,,,,,,,,,,,
,,,,,,,,,,,,,,,,,,,,,,,,,,,,,,,,,,,
,,,,,,,,,,,,,,,,,,,,,,,,,,,,,,,,,,,
,,,,,,,,,,,,,,,,,,,,,,,,,,,,,,,,,,,
,,,,,,,,,,,,,,,,,,,,,,,,,,,,,,,,,,,
,,,,,,,,,,,,,,,,,,,,,,,,,,,,,,,,,,,
,,,,,,,,,,,,,,,,,,,,,,,,,,,,,,,,,,,
,,,,,,,,,,,,,,,,,,,,,,,,,,,,,,,,,,,
,,,,,,,,,,,,,,,,,,,,,,,,,,,,,,,,,,,
,,,,,,,,,,,,,,,,,,,,,,,,,,,,,,,,,,,
,,,,,,,,,,,,,,,,,,,,,,,,,,,,,,,,,,,
,,,,,,,,,,,,,,,,,,,,,,,,,,,,,,,,,,,
,,,,,,,,,,,,,,,,,,,,,,,,,,,,,,,,,,,
,,,,,,,,,,,,,,,,,,,,,,,,,,,,,,,,,,,
,,,,,,,,,,,,,,,,,,,,,,,,,,,,,,,,,,,
,,,,,,,,,,,,,,,,,,,,,,,,,,,,,,,,,,,
,,,,,,,,,,,,,,,,,,,,,,,,,,,,,,,,,,,
,,,,,,,,,,,,,,,,,,,,,,,,,,,,,,,,,,,
,,,,,,,,,,,,,,,,,,,,,,,,,,,,,,,,,,,
,,,,,,,,,,,,,,,,,,,,,,,,,,,,,,,,,,,
,,,,,,,,,,,,,,,,,,,,,,,,,,,,,,,,,,,
,,,,,,,,,,,,,,,,,,,,,,,,,,,,,,,,,,,
,,,,,,,,,,,,,,,,,,,,,,,,,,,,,,,,,,,
,,,,,,,,,,,,,,,,,,,,,,,,,,,,,,,,,,,
,,,,,,,,,,,,,,,,,,,,,,,,,,,,,,,,,,,
,,,,,,,,,,,,,,,,,,,,,,,,,,,,,,,,,,,
,,,,,,,,,,,,,,,,,,,,,,,,,,,,,,,,,,,
,,,,,,,,,,,,,,,,,,,,,,,,,,,,,,,,,,,
,,,,,,,,,,,,,,,,,,,,,,,,,,,,,,,,,,,
,,,,,,,,,,,,,,,,,,,,,,,,,,,,,,,,,,,
,,,,,,,,,,,,,,,,,,,,,,,,,,,,,,,,,,,
,,,,,,,,,,,,,,,,,,,,,,,,,,,,,,,,,,,
,,,,,,,,,,,,,,,,,,,,,,,,,,,,,,,,,,,
,,,,,,,,,,,,,,,,,,,,,,,,,,,,,,,,,,,
,,,,,,,,,,,,,,,,,,,,,,,,,,,,,,,,,,,
,,,,,,,,,,,,,,,,,,,,,,,,,,,,,,,,,,,
,,,,,,,,,,,,,,,,,,,,,,,,,,,,,,,,,,,
,,,,,,,,,,,,,,,,,,,,,,,,,,,,,,,,,,,
,,,,,,,,,,,,,,,,,,,,,,,,,,,,,,,,,,,
,,,,,,,,,,,,,,,,,,,,,,,,,,,,,,,,,,,
,,,,,,,,,,,,,,,,,,,,,,,,,,,,,,,,,,,
,,,,,,,,,,,,,,,,,,,,,,,,,,,,,,,,,,,
,,,,,,,,,,,,,,,,,,,,,,,,,,,,,,,,,,,
,,,,,,,,,,,,,,,,,,,,,,,,,,,,,,,,,,,
,,,,,,,,,,,,,,,,,,,,,,,,,,,,,,,,,,,
,,,,,,,,,,,,,,,,,,,,,,,,,,,,,,,,,,,
,,,,,,,,,,,,,,,,,,,,,,,,,,,,,,,,,,,
,,,,,,,,,,,,,,,,,,,,,,,,,,,,,,,,,,,
,,,,,,,,,,,,,,,,,,,,,,,,,,,,,,,,,,,
,,,,,,,,,,,,,,,,,,,,,,,,,,,,,,,,,,,
,,,,,,,,,,,,,,,,,,,,,,,,,,,,,,,,,,,
,,,,,,,,,,,,,,,,,,,,,,,,,,,,,,,,,,,
,,,,,,,,,,,,,,,,,,,,,,,,,,,,,,,,,,,
,,,,,,,,,,,,,,,,,,,,,,,,,,,,,,,,,,,
,,,,,,,,,,,,,,,,,,,,,,,,,,,,,,,,,,,
,,,,,,,,,,,,,,,,,,,,,,,,,,,,,,,,,,,
,,,,,,,,,,,,,,,,,,,,,,,,,,,,,,,,,,,
,,,,,,,,,,,,,,,,,,,,,,,,,,,,,,,,,,,
,,,,,,,,,,,,,,,,,,,,,,,,,,,,,,,,,,,
,,,,,,,,,,,,,,,,,,,,,,,,,,,,,,,,,,,
,,,,,,,,,,,,,,,,,,,,,,,,,,,,,,,,,,,
,,,,,,,,,,,,,,,,,,,,,,,,,,,,,,,,,,,
,,,,,,,,,,,,,,,,,,,,,,,,,,,,,,,,,,,
,,,,,,,,,,,,,,,,,,,,,,,,,,,,,,,,,,,
,,,,,,,,,,,,,,,,,,,,,,,,,,,,,,,,,,,
,,,,,,,,,,,,,,,,,,,,,,,,,,,,,,,,,,,
,,,,,,,,,,,,,,,,,,,,,,,,,,,,,,,,,,,
,,,,,,,,,,,,,,,,,,,,,,,,,,,,,,,,,,,
,,,,,,,,,,,,,,,,,,,,,,,,,,,,,,,,,,,
,,,,,,,,,,,,,,,,,,,,,,,,,,,,,,,,,,,
