0,0,0,0,0,0,0,0,0,0,0,0,0,0,0,0,0,0,0,0,0,0,0,0,0,0,0,0,0,0,0,0,0,0,0,0,0,0,0,0,0,0,0,0,0,0,0,0,0,0,0,5,7,11,29,39,51,78,106,131,157,196,242,381,517,585,692,823,897,985,1058,1231,1492,1611,1762,1949,2166,2325,2700,2943,3213,3559,3730,3949,4071,4338,4562,4703,4879,5070,5307,5583,5822,6016,6016,6410,6528,6737,6899,7073,7279,7595,7872,8096,8421,8674,9029,9365,9648,9868,10141,10439,10675,11074,11345,11641,11737,12047,12331,13002,13235,13618,14056,14416,14919,15575,15955,16448,16944,17271,17862,18540,18675,18760,18981,19295,19950,20407,20830,21326,21891,22739,23599,24486,25494,26145,26780,27163,28041,28830,29377,29846,30277,30919,31871,32998,33969,34867,35223,36949,37816,38729,39874,41619,42608,43695,44615,45519,46685,48885,50216,51651,53288,55236,56940,58751,60758,62756,64893,66668,68541,70006,71455,73839,75628,77752,78914,80728,81976,83381,85351,87305,88923,91016,92232,93270,94219,96152,97857,99723,1.0088e+05,1.0256e+05,1.0339e+05,1.0433e+05,1.051e+05,1.0585e+05,1.0712e+05,1.0796e+05,1.0853e+05,1.0988e+05,1.1099e+05,1.1196e+05,1.1314e+05,1.1403e+05,1.1456e+05,1.162e+05,1.1673e+05,1.1874e+05,1.205e+05,1.2165e+05,1.2335e+05,1.2469e+05,1.2551e+05,1.2706e+05,1.2768e+05,1.2873e+05,1.2983e+05,1.3124e+05,1.3175e+05,1.3239e+05,1.3302e+05,1.3382e+05,1.3497e+05,1.361e+05,1.3704e+05,1.3813e+05,1.3883e+05,1.3953e+05,1.4041e+05,1.4107e+05,1.4218e+05,1.4347e+05,1.4425e+05,1.4506e+05,1.4587e+05,1.4644e+05,1.4747e+05,1.4992e+05,1.5085e+05,1.5158e+05,1.5224e+05,1.528e+05,1.5395e+05,1.5499e+05,1.5594e+05,1.5762e+05,1.5841e+05,1.5894e+05,1.597e+05,1.6063e+05,1.6118e+05,1.6266e+05,1.6371e+05,1.6452e+05,1.6524e+05,1.6634e+05,1.6712e+05,1.683e+05
0,0,0,0,0,0,0,0,0,0,0,0,0,0,0,0,0,0,0,0,0,0,0,0,0,0,0,0,0,0,0,0,0,0,0,0,0,0,0,0,0,0,0,0,0,0,0,0,0,0,0,1,1,1,1,3,5,8,11,13,18,30,34,41,56,58,85,102,114,119,132,143,156,170,184,189,212,225,234,245,256,271,276,284,292,299,308,313,318,320,328,334,336,338,338,339,344,350,354,354,363,364,367,369,370,371,373,376,377,378,378,382,382,382,387,387,387,387,399,400,400,402,406,406,407,409,410,423,428,432,458,465,485,503,511,522,534,542,561,571,591,608,623,652,659,662,674,694,706,719,739,750,756,758,787,811,831,848,877,898,934,972,1011,1057,1103,1130,1158,1175,1217,1263,1318,1378,1466,1526,1565,1615,1675,1715,1777,1846,1921,2013,2099,2156,2211,2298,2483,2581,2688,2756,2837,2945,3091,3234,3295,3347,3400,3435,3487,3562,3659,3721,3766,3825,3908,4018,4099,4202,4251,4312,4378,4460,4524,4611,4675,4744,4777,4829,4907,5023,5111,5155,5192,5226,5291,5393,5513,5605,5688,5721,5756,5819,5939,6030,6133,6193,6267,6308,6356,6461,6567,6651,6743,6813,6857,6925,7053,7174,7287,7400,7516,7641,7743,7867,7990,8134,8322,8530,8669,8794,8919,9095,9343,9593,9783,9934,10076,10229
0,0,0,0,1,1,1,1,1,1,1,1,1,1,1,1,1,1,1,1,1,1,1,1,1,1,1,1,1,1,1,1,1,1,1,1,1,1,1,1,1,1,1,1,2,4,4,4,6,9,9,9,12,12,18,20,27,45,67,103,151,233,324,398,504,661,769,914,1151,1280,1401,1583,1756,2005,2256,2447,2562,2712,3003,3096,3378,3522,3685,3789,3944,4213,4483,4695,4904,5037,5224,5431,5730,6003,6233,6475,6663,6888,7137,7570,7880,8275,8542,8809,9190,9573,9797,10367,10784,10928,11184,11529,11933,12389,12859,13303,13582,13765,14133,14447,14840,15116,15449,15707,15905,16067,16480,16941,17536,18276,18831,18992,19975,20836,21243,22624,23601,24758,25421,25918,27413,28679,30077,31516,32562,33440,35718,37470,39808,42832,45724,47987,49995,53438,55059,57917,61135,64444,68127,68650,73003,77607,80762,85034,87505,90757,94010,97495,1.0084e+05,1.0477e+05,1.089e+05,1.1179e+05,1.1417e+05,1.1544e+05,1.1947e+05,1.225e+05,1.2566e+05,1.2949e+05,1.3218e+05,1.3432e+05,1.3581e+05,1.3901e+05,1.409e+05,1.4315e+05,1.4637e+05,1.499e+05,1.5173e+05,1.5339e+05,1.5537e+05,1.5762e+05,1.6004e+05,1.6313e+05,1.6592e+05,1.6733e+05,1.6829e+05,1.6929e+05,1.7089e+05,1.7229e+05,1.7361e+05,1.746e+05,1.7541e+05,1.7591e+05,1.771e+05,1.778e+05,1.7909e+05,1.7996e+05,1.808e+05,1.8168e+05,1.8212e+05,1.8301e+05,1.8363e+05,1.8432e+05,1.8489e+05,1.8585e+05,1.8606e+05,1.8634e+05,1.8719e+05,1.8736e+05,1.88e+05,1.8849e+05,1.8907e+05,1.8943e+05,1.8961e+05,1.9009e+05,1.906e+05,1.9168e+05,1.9238e+05,1.9321e+05,1.9344e+05,1.9363e+05,1.9371e+05,1.942e+05,1.9465e+05,1.9515e+05,1.9575e+05,1.9611e+05,1.9631e+05,1.9678e+05,1.9747e+05,1.9919e+05,2.0044e+05,2.0102e+05,2.0147e+05,2.0167e+05,2.0225e+05,2.0268e+05,2.0322e+05,2.037e+05,2.0415e+05,2.0454e+05,2.048e+05,2.0546e+05,2.0578e+05,2.0645e+05,2.0697e+05,2.0758e+05,2.0794e+05,2.0826e+05,2.0906e+05,2.0966e+05,2.1051e+05,2.1114e+05,2.1199e+05,2.1255e+05,2.13e+05,2.1365e+05,2.1455e+05,2.1566e+05
0,0,0,0,0,0,0,0,0,0,0,0,0,0,0,0,0,0,0,0,0,0,0,0,0,0,0,0,0,0,0,0,0,0,0,0,0,0,0,0,0,0,0,0,0,0,0,0,0,0,0,9,12,3,3,3,4,62,100,122,165,192,219,280,335,381,409,426,473,523,584,643,704,743,836,874,945,999,1118,1170,1227,1279,1409,1497,1568,1619,1693,1742,1779,1971,1988,2274,2596,2807,2908,2998,3066,3124,3190,3278,3334,3368,3432,3485,3519,3604,3696,3740,3740,4005,4036,4157,4229,4357,4454,4565,4736,4785,4893,4965,5385,5536,5681,5826,5930,6078,6169,6424,6649,6876,7112,7281,7639,7884,8233,8449,8879,9191,9500,9832,10117,10555,11272,11806,12198,12609,12882,13282,13588,14270,14739,15145,15648,16230,16900,17583,18229,18776,19236,19666,20161,20553,21417,21954,22529,23107,23508,23762,24463,25253,25981,27036,27535,28101,28949,29424,30213,30857,31624,32316,33011,33728,34318,35317,36305,37030,37663,38480,39206,39986,40768,41507,42161,42788,43567,44338,45241,45973,46977,47746,48317,48961,49342,50019,50682,51306,50907,51577,51989,52394,53119,53665,54548,55092,55465,55783,56261,56905,57612,58447,59238,59713,60062,60331,60945,61912,63002,63513,64188,64538,64830,65215,65612,66718,68509,69017,69425,70291,71006,71992,72860,73932,74491,75131,75747,76723,77802,78696,79503,79988,80793,81497,82438,83561,84515,85258,85745,86159,86800,87597,88857,90021,90927,91540,92194,92873,93947,95221
0,0,0,0,2,2,2,2,2,3,3,3,6,6,6,6,6,6,6,6,7,7,8,8,8,8,8,8,8,8,10,10,10,10,10,10,11,11,12,12,21,25,35,51,59,81,95,101,144,178,221,281,372,373,557,700,831,1009,1243,1412,1649,2110,2539,3009,3907,4676,5107,5860,7151,8227,9403,10782,12008,12828,15025,16013,17340,18884,19695,21066,21702,22785,23919,25374,26671,27662,29142,30496,31415,33670,35464,37336,39545,41339,42352,43543,44956,46148,48730,50112,52007,53328,54884,55865,58437,60597,62129,63780,66552,67580,69308,70957,72775,74846,76668,78700,80141,81492,83736,85990,88028,90253,92536,94041,96442,99464,1.0104e+05,1.0379e+05,1.0661e+05,1.0987e+05,1.1192e+05,1.147e+05,1.1719e+05,1.1934e+05,1.2216e+05,1.2575e+05,1.2857e+05,1.3063e+05,1.3378e+05,1.3665e+05,1.3968e+05,1.4341e+05,1.4663e+05,1.5e+05,1.5231e+05,1.5569e+05,1.5892e+05,1.6276e+05,1.6709e+05,1.7082e+05,1.752e+05,1.7862e+05,1.8472e+05,1.9143e+05,1.9598e+05,2.0106e+05,2.0679e+05,2.1063e+05,2.1542e+05,2.2358e+05,2.3135e+05,2.3859e+05,2.4645e+05,2.5041e+05,2.5279e+05,2.6458e+05,2.7091e+05,2.8387e+05,2.9241e+05,3.0232e+05,3.1072e+05,3.1858e+05,3.2435e+05,3.3316e+05,3.4599e+05,3.5466e+05,3.6447e+05,3.7301e+05,3.8049e+05,3.8665e+05,3.9758e+05,4.09e+05,4.2098e+05,4.3045e+05,4.3985e+05,4.461e+05,4.5192e+05,4.5774e+05,4.7037e+05,4.8447e+05,4.9249e+05,5.0009e+05,5.0614e+05,5.1169e+05,5.1635e+05,5.2615e+05,5.3007e+05,5.4077e+05,5.4624e+05,5.538e+05,5.5915e+05,5.7359e+05,5.7828e+05,5.907e+05,5.973e+05,6.1236e+05,6.1725e+05,6.2312e+05,6.2866e+05,6.3735e+05,6.4645e+05,6.5145e+05,6.5807e+05,6.6359e+05,6.6844e+05,6.747e+05,6.8015e+05,6.8612e+05,6.9093e+05,6.9649e+05,7.0113e+05,7.0504e+05,7.1155e+05,7.1469e+05,7.2034e+05,7.2507e+05,7.2969e+05,7.3432e+05,7.3786e+05,7.3997e+05,7.4335e+05,7.4626e+05,7.4992e+05,7.5386e+05,7.5788e+05,7.6067e+05,7.6408e+05,7.6712e+05,7.7023e+05,7.7393e+05,7.7838e+05,7.822e+05,7.8505e+05,7.8898e+05,7.9194e+05,7.953e+05,7.9838e+05,8.0252e+05,8.063e+05,8.0874e+05,8.1156e+05,8.145e+05,8.1794e+05,8.2103e+05,8.2483e+05,8.2833e+05,8.3153e+05,8.3432e+05,8.37e+05,8.4072e+05,8.4405e+05,8.4785e+05,8.5118e+05,8.5396e+05,8.5669e+05,8.6007e+05,8.6397e+05,8.6691e+05
0,0,0,0,0,0,0,0,0,0,0,0,0,0,0,0,0,0,0,0,0,0,0,0,0,0,0,0,0,0,0,0,0,0,0,0,0,0,0,0,0,0,0,2,8,8,8,12,17,34,49,78,103,136,161,183,215,277,363,474,594,722,911,1086,1428,1736,2059,2306,2625,2964,3340,3726,4171,4563,4948,5181,5427,5653,6200,6511,6891,7305,7694,7948,8278,8673,9045,9438,9727,10109,10470,10887,11273,12250,12962,13435,13873,14309,14750,15276,15784,16217,16626,16909,17358,17823,18360,18817,19365,19692,19868,20146,20464,20827,21220,21621,21926,22191,22471,22786,23179,23475,23949,24159,24238,24533,24735,25087,25562,26049,26329,26523,26734,27006,27304,27558,27790,27942,28121,28285,28436,28585,28760,28955,29067,29235,29378,29607,29837,30123,30284,30474,30639,30827,31088,31412,31729,31955,32239,32442,32646,32960,33283,33543,33796,33995,34187,34594,35045,35453,36119,36519,36841,37164,37614,38082,38653,39271,39715,40068,40492,40985,41624,42239,42906,43714,44261,44490,45239,45721,46129,46729,47187,47647,47888,48314,48907,49355,49812,50243,50579,50957,51359,51674,52137,52456,52756,53094,53288,53549,53819,54148,54148,54801,55060,55258,55717,55910,56260,56690,56957,57140,57341,57692,57935,58202,58202,58899,59184,59396,59583,59820,60084,60392,60806,61221,61595,62004,62590,63041,63646,64252,64750,65291,65942,66548,67093,67801,68376,68944,69347,69880,70390,71071,71747,72403,72922,73376,74026,74752,75615,76445,77467,78285,78860,79904,80595,81722
0,0,0,0,0,0,0,0,0,0,0,0,0,0,0,0,0,0,0,0,0,0,0,0,0,0,0,0,0,0,0,0,0,0,0,0,0,0,0,0,0,0,0,0,0,0,0,0,1,3,5,11,23,24,41,68,96,159,192,192,326,413,616,873,1009,1288,1521,1986,2561,3117,3538,3803,4887,5245,5643,6866,7738,7738,9732,10479,11444,11969,13298,13902,14666,15797,16717,17453,17862,19707,20248,22347,22971,23797,24432,25112,25833,26148,26602,27514,28564,29076,29076,29756,30398,30753,31534,32162,32718,33284,33494,34052,34568,35173,35784,36399,37106,37794,38104,38688,38872,39292,39668,40109,40508,40932,40917,41184,41382,41641,41817,42352,42586,42699,42842,43055,43402,43548,43664,43749,43910,44020,44236,44531,44623,44768,44880,44958,44968,44990,45140,45176,45198,45312,45325,45399,45461,45607,45698,45756,45904,45960,46034,46101,46101,46101,46352,46406,46482,46579,46655,46655,46655,46874,46892,46997,47108,47242,47242,47242,47403,47443,47568,47577,48118,48118,48118,48315,48403,48864,48985,49117,49117,49117,49350,49394,49503,49521,49594,49594,49594,49829,49939,49958,50031,50142,50142,50142,50505,50493,50547,50665,50751,50751,50751,51231,51260,51435,51565,51706,51706,51706,52078,52199,52298,52399,52552,52552,52552,52552,52957,53043,53265,53482,53482,53482,54027,54153,54282,54496,54628,54628,54628,55100,55226,55374,55524,55629,55629,55629,56162,56339,56553,56738,57272,57272,57272,58064,58169,58285,58651,58930,58930,58930,60220,60521,60678,60835
0,0,0,0,0,0,0,0,0,0,0,0,0,0,0,0,0,0,0,0,0,0,0,0,0,0,0,0,0,0,0,0,0,0,0,0,0,0,0,0,0,0,0,0,0,0,0,0,0,1,1,4,6,6,8,16,19,30,39,45,56,68,104,119,130,163,214,232,264,319,368,393,450,593,673,783,928,1116,1209,1317,1466,1625,1758,1915,1997,2053,2295,2508,2508,2714,2901,3172,3305,3438,3573,4025,4151,4543,4629,4709,4894,5016,5185,5264,5346,5742,5909,6083,6250,6250,6525,6705,6916,7178,7330,7501,7618,7818,7987,8146,8340,8476,8476,8752,8910,9008,9042,9118,9185,9370,9447,9550,9632,9659,9693,9724,9833,9927,9961,10008,10042,10093,10157,10214,10250,10326,10387,10430,10485,10594,10662,10755,10803,10830,10870,10959,10994,11065,11196,11340,11436,11468,11678,11854,11923,12047,12202,12316,12361,12429,12548,12637,12700,12773,12855,12933,12993,13203,13287,13374,13471,13588,13631,13761,14018,13993,14103,14214,14284,14399,14477,14569,14656,14723,14826,14905,15058,15125,15201,15259,15332,15385,15449,15509,15709,16080,16137,16190,16273,16329,16379,16451,16501,16556,16622,16667,16685,16710,16701,16804,17071,17064,17144,17246,17259,17361,17458,17589,17709,17796,17853,17853,18005,18098,18262,18384,18467,18644,18756,18839,18889,18973,19086,19187,19279,19348,19459,19598,19667,19771,19896,20040,20122,20296,20847,21035,21153,21273,21376,21460,21592,21737,21907,22039,22198,22303,22374,22469
0,0,0,0,0,0,0,0,0,0,0,0,0,0,0,0,0,0,0,0,0,0,0,0,0,0,0,0,0,0,0,0,0,0,0,0,0,0,0,0,1,2,2,3,3,7,10,13,15,24,30,50,76,100,101,190,306,432,564,763,1004,1227,1412,1682,2357,2899,3762,4245,5472,6740,6955,9007,10267,11536,12349,13323,14543,15454,16361,17528,18491,19891,21015,21623,22506,23338,24753,25487,26308,27053,27860,28299,29638,30521,30827,31520,32126,32836,33181,33678,34716,35451,36066,36885,37427,37990,38816,39187,39989,40584,40970,41911,42390,43198,44124,44798,45575,46429,46930,47457,48656,49427,50101,50841,51701,52205,52583,53234,54443,55367,56106,56772,57381,58696,60109,61409,62675,63854,64820,65915,67286,68982,70884,73461,75476,77235,80015,82624,85831,89652,93701,97195,1.0012e+05,1.0341e+05,1.0891e+05,1.1392e+05,1.2286e+05,1.3244e+05,1.4097e+05,1.4623e+05,1.5232e+05,1.5889e+05,1.6899e+05,1.7848e+05,1.8993e+05,1.9999e+05,2.0633e+05,2.1366e+05,2.2365e+05,2.3258e+05,2.44e+05,2.5436e+05,2.6965e+05,2.8224e+05,2.9143e+05,3.016e+05,3.1555e+05,3.2701e+05,3.3732e+05,3.4975e+05,3.6008e+05,3.695e+05,3.7925e+05,3.8948e+05,4.0191e+05,4.141e+05,4.2342e+05,4.3231e+05,4.4152e+05,4.5095e+05,4.6089e+05,4.6989e+05,4.7947e+05,4.8654e+05,4.9129e+05,4.9665e+05,5.0202e+05,5.0964e+05,5.1727e+05,5.2574e+05,5.3194e+05,5.3609e+05,5.4192e+05,5.5001e+05,5.5624e+05,5.6238e+05,5.6872e+05,5.7249e+05,5.7516e+05,5.79e+05,5.8309e+05,5.8764e+05,5.9232e+05,5.9662e+05,5.996e+05,6.0185e+05,6.0451e+05,6.0773e+05,6.11e+05,6.1481e+05,6.18e+05,6.2058e+05,6.2247e+05,6.3003e+05,6.3243e+05,6.3599e+05,6.3919e+05,6.4284e+05,6.454e+05,6.4724e+05,6.4906e+05,6.5123e+05,6.5369e+05,6.5734e+05,6.6052e+05,6.6295e+05,6.6468e+05,6.678e+05,6.7015e+05,6.7341e+05,6.7661e+05,6.8018e+05,6.827e+05,6.8438e+05,6.8685e+05,6.8944e+05,6.9197e+05,6.9482e+05,6.9761e+05,6.9949e+05,7.0023e+05,7.0349e+05,7.0543e+05,7.0806e+05,7.1072e+05,7.135e+05,7.1537e+05,7.1678e+05,7.1903e+05,7.2161e+05,7.2491e+05,7.2781e+05,7.2781e+05,7.3338e+05,7.3491e+05,7.3763e+05,7.4051e+05,7.4385e+05
0,0,0,0,0,0,0,0,0,0,0,0,0,0,0,0,0,0,0,0,0,0,0,0,0,0,0,0,0,0,0,0,0,0,0,0,0,0,0,0,0,2,2,2,3,5,5,10,17,23,31,42,73,99,121,146,197,287,483,553,619,769,1022,1243,1520,1993,2358,2641,2797,3900,4610,5320,5801,6125,6611,7275,8767,9837,10498,11410,12081,12368,13224,14479,14883,15557,17078,17550,18180,19279,19752,21072,21741,22353,23082,23345,24159,24778,25626,26111,27330,28169,28503,29284,29825,30568,31439,32001,32406,33397,33819,34736,35236,35786,36577,37017,37383,38086,38654,39595,40456,41278,42038,42693,43190,43770,44429,45058,45672,46121,46852,47680,47984,48668,49631,50390,51126,51663,52257,53006,53733,54718,55527,56548,57425,58154,58813,59761,60642,61731,63527,64416,65640,67519,69087,70800,72699,74685,76907,79112,80976,83925,87390,90169,92995,95189,96733,1.0013e+05,1.0355e+05,1.0638e+05,1.1087e+05,1.1405e+05,1.1658e+05,1.2022e+05,1.2361e+05,1.2748e+05,1.3092e+05,1.3482e+05,1.3951e+05,1.4276e+05,1.4521e+05,1.4861e+05,1.5192e+05,1.5622e+05,1.6103e+05,1.6479e+05,1.6756e+05,1.7044e+05,1.7465e+05,1.7792e+05,1.8187e+05,1.8593e+05,1.8959e+05,1.9275e+05,1.9501e+05,1.9752e+05,2.0128e+05,2.0446e+05,2.0856e+05,2.1298e+05,2.1615e+05,2.1858e+05,2.2214e+05,2.257e+05,2.2821e+05,2.3143e+05,2.347e+05,2.3656e+05,2.3839e+05,2.412e+05,2.4351e+05,2.4626e+05,2.4915e+05,2.5174e+05,2.5347e+05,2.5577e+05,2.5787e+05,2.601e+05,2.6258e+05,2.6488e+05,2.6726e+05,2.6848e+05,2.6997e+05,2.7219e+05,2.741e+05,2.7678e+05,2.7884e+05,2.8104e+05,2.8269e+05,2.8329e+05,2.8484e+05,2.8678e+05,2.8861e+05,2.9027e+05,2.9239e+05,2.938e+05,2.9482e+05,2.9648e+05,2.9854e+05,3.0039e+05,3.0234e+05,3.045e+05,3.0563e+05,3.0682e+05,3.0777e+05,3.0964e+05,3.1117e+05,3.1199e+05,3.1334e+05,3.1416e+05,3.1475e+05,3.1577e+05,3.1749e+05,3.1882e+05,3.201e+05,3.2162e+05,3.2238e+05,3.2317e+05,3.241e+05,3.2558e+05,3.2684e+05,3.2847e+05,3.297e+05,3.3084e+05,3.3174e+05,3.3273e+05,3.3402e+05,3.3566e+05
0,0,0,0,0,0,0,0,0,0,0,0,0,0,0,0,0,0,0,0,0,0,0,0,0,0,0,0,0,0,0,0,0,0,0,0,0,0,0,0,0,0,0,0,0,1,1,1,3,2,2,2,4,6,8,10,15,15,36,36,53,56,70,70,87,100,145,145,167,191,209,238,308,343,364,378,403,403,439,439,461,496,501,508,523,529,536,574,580,584,586,592,596,601,605,606,607,609,613,618,619,620,620,621,625,626,629,629,631,632,634,635,638,637,638,639,640,640,641,643,647,642,643,643,643,643,644,647,649,651,652,652,653,653,655,664,673,675,676,682,685,692,706,723,728,736,736,744,762,789,789,814,816,819,835,851,866,872,899,900,916,926,946,975,999,1023,1030,1071,1094,1130,1158,1200,1220,1243,1264,1292,1308,1334,1351,1378,1393,1418,1435,1490,1549,1620,1683,1711,1757,1865,1989,2111,2197,2242,2448,2591,2763,2914,3115,3346,3498,3638,3756,3958,4312,4543,4825,5042,5215,5349,5609,5844,6072,6356,6600,6769,6984,7260,7566,7830,8139,8339,8472,8653,8991,9202,9473,9693,9855,9959,10025,10123,10292,10459,10588,10700,10779,10844,10946,11105,11217,11326,11403,11459,11522,11689,11779,11891,12018,12116,12203,12290,12410,12515,12601,12734,12804,12854,12937,13045,13146,13300,13371,13472,13514,13575,13674,13764
0,0,0,0,0,0,0,0,0,0,0,0,0,0,0,0,0,0,0,0,0,0,0,0,0,0,0,0,0,0,0,0,0,0,0,0,0,0,0,0,0,0,0,0,0,0,0,0,0,0,0,1,2,4,4,8,9,23,36,42,42,68,81,91,146,205,234,281,340,515,566,776,890,1021,1077,1100,1169,1209,1231,1353,1395,1406,1425,1463,1472,1586,1608,1654,1667,1671,1735,1765,1835,1868,1886,1896,1896,1951,1951,1983,2014,2060,2060,2105,2126,2157,2177,2177,2204,2229,2258,2285,2285,2338,2338,2396,2396,2425,2425,2474,2474,2561,2561,2592,2592,2592,2665,2734,2734,2765,2801,2801,2890,2890,2946,3065,3093,3093,3143,3175,3211,3211,3303,3303,3344,3344,3405,3562,3665,3787,3920,3922,4167,4165,4306,4768,4768,5224,5224,5652,6015,6263,6485,6881,7256,7615,7934,8419,8845,9300,9799,10375,10772,11273,11588,12314,12996,13609,14157,14727,15119,15671,16163,16578,17103,17664,18012,18525,19049,19497,20061,20533,20921,20921,21479,22042,22512,23201,23724,24294,24470,24895,25382,25917,26405,26942,27241,27418,27696,28077,28435,28857,29111,29405,29589,29800,30207,30508,30850,31109,31400,31587,31803,32069,32376,32634,32900,33181,33371,33445,33685,33989,34302,34633,34850,34961,35212,35489,35772,36165,36631,36919,37158,37565,38005,38394,38878,39401,39937,40140,40562,41069,41680,42187,42855,43316,43578,44035,44690,45361,46031,46691,47300,47665,48258,48839,49482,50196
0,0,1,1,1,1,1,1,1,2,2,2,2,2,2,2,2,2,2,2,2,2,2,2,2,2,2,2,2,2,2,2,2,2,2,2,2,2,2,3,4,4,4,5,5,6,7,7,12,25,32,46,63,65,82,160,271,420,583,751,1047,1283,1534,1862,2535,3021,3488,4592,5053,5991,6977,7692,8900,10351,11253,12256,13546,15071,16415,17880,19173,20845,22016,23238,24582,25723,27567,29149,30346,31502,33048,35096,36926,39647,41766,43892,45872,48090,50346,52905,56041,58492,61486,63764,65876,68217,70856,73745,76070,77726,78992,83006,84679,87923,90355,92443,94177,96469,98014,1.004e+05,1.0267e+05,1.0543e+05,1.0778e+05,1.1029e+05,1.12e+05,1.1318e+05,1.1429e+05,1.1582e+05,1.1744e+05,1.189e+05,1.2024e+05,1.2121e+05,1.2283e+05,1.2381e+05,1.2474e+05,1.2589e+05,1.2687e+05,1.2774e+05,1.2839e+05,1.2919e+05,1.2982e+05,1.3058e+05,1.3118e+05,1.3185e+05,1.3252e+05,1.3299e+05,1.3361e+05,1.3416e+05,1.3475e+05,1.3544e+05,1.3607e+05,1.3673e+05,1.3719e+05,1.3779e+05,1.3851e+05,1.394e+05,1.4026e+05,1.4104e+05,1.4169e+05,1.4243e+05,1.4315e+05,1.4398e+05,1.4485e+05,1.4572e+05,1.4658e+05,1.4722e+05,1.4783e+05,1.4954e+05,1.5052e+05,1.5153e+05,1.5286e+05,1.5405e+05,1.55e+05,1.5588e+05,1.5659e+05,1.5777e+05,1.5903e+05,1.6045e+05,1.6172e+05,1.6269e+05,1.6386e+05,1.648e+05,1.6641e+05,1.6803e+05,1.6963e+05,1.7105e+05,1.7259e+05,1.7382e+05,1.7489e+05,1.7629e+05,1.7805e+05,1.8003e+05,1.8166e+05,1.8313e+05,1.8442e+05,1.8589e+05,1.8763e+05,1.8958e+05,1.9167e+05,1.9385e+05,1.9523e+05,1.9655e+05,1.9809e+05,1.9972e+05,2.0156e+05,2.0385e+05,2.0567e+05,2.0723e+05,2.09e+05,2.1072e+05,2.1302e+05,2.1484e+05,2.1712e+05,2.1947e+05,2.2136e+05,2.2296e+05,2.2464e+05,2.2679e+05,2.285e+05,2.3092e+05,2.328e+05,2.3479e+05,2.3645e+05,2.3794e+05,2.4006e+05,2.4141e+05,2.47e+05,2.4979e+05,2.5119e+05,2.5256e+05,2.5395e+05,2.5528e+05,2.5723e+05,2.5954e+05,2.6165e+05,2.6311e+05,2.6448e+05,2.6593e+05,2.6787e+05,2.6991e+05,2.7213e+05,2.7466e+05,2.7605e+05,2.7752e+05,2.7905e+05,2.809e+05,2.8315e+05,2.8591e+05,2.8835e+05,2.8995e+05,2.9166e+05,2.9302e+05,2.9529e+05,2.9744e+05,2.9989e+05,3.0233e+05,3.0378e+05,3.0563e+05,3.0725e+05,3.0987e+05,3.1296e+05,3.1607e+05,3.1898e+05,3.2169e+05,3.2443e+05,3.2728e+05,3.3014e+05,3.3415e+05
0,0,0,0,0,0,0,0,0,0,0,0,0,0,0,0,0,0,0,0,0,0,0,0,0,0,0,0,0,0,0,0,0,0,0,0,0,0,0,0,0,0,0,0,1,1,2,3,6,11,13,13,16,20,25,30,38,60,86,128,204,270,368,477,645,979,1232,1512,1785,2156,2561,3035,3433,3948,4405,4948,5502,5935,6343,6897,7424,7916,8346,8513,8946,9527,10140,10626,11195,11672,12081,12422,13023,13665,14383,14996,15945,16572,17166,17816,18610,19274,19912,20486,21011,21848,22481,23124,23710,24104,24605,25104,25450,26026,26628,27252,27750,28227,28678,29246,29907,30378,30867,31342,31676,32038,32396,33030,33519,34170,34532,34787,35194,35668,36051,36533,36949,37347,37572,37978,38279,38686,39086,39482,39847,40366,40722,40948,41373,41677,41990,42352,42561,42800,43068,43581,44065,44498,44852,45149,45515,45871,46306,46827,47342,48109,48432,48530,48966,49476,50196,50973,51505,51929,52577,53259,53968,54700,55539,56455,57090,57796,58551,59475,60469,61387,62236,62770,63540,64159,65112,66011,66978,67709,68285,69107,69826,70868,72104,73136,74176,74838,75707,76366,77405,78470,79512,80248,80836,81676,82164,83100,84135,85132,85747,87400,88227,89164,90304,91111,92226,93102,93983,94678,95534,96635,97662,98735,99575,1.0016e+05,1.0055e+05,1.0125e+05,1.0201e+05,1.0327e+05,1.0432e+05,1.0557e+05,1.063e+05,1.0699e+05,1.0757e+05,1.084e+05,1.0944e+05,1.1051e+05,1.1125e+05,1.1177e+05,1.1237e+05,1.1308e+05,1.1398e+05,1.1514e+05,1.1627e+05,1.1717e+05,1.1804e+05,1.1878e+05,1.1972e+05,1.2088e+05,1.2234e+05,1.2375e+05,1.2483e+05,1.2566e+05,1.2662e+05,1.2789e+05,1.2934e+05,1.3115e+05,1.3305e+05,1.3462e+05,1.3618e+05,1.3773e+05,1.3889e+05,1.4082e+05
0,0,0,0,0,0,0,0,0,0,0,0,0,0,0,0,0,0,0,0,0,0,0,0,0,0,0,0,0,0,0,0,0,0,0,0,0,0,0,0,0,0,0,0,0,0,0,3,8,13,14,17,17,18,23,23,38,44,45,69,90,105,124,146,179,234,297,335,423,496,546,613,698,786,868,945,1045,1144,1269,1387,1509,1586,1709,1898,1994,2140,2331,2512,2901,3158,3639,3746,3922,4443,5090,5474,5866,6374,6839,7142,7881,8640,9172,9700,10107,10399,11054,11451,11665,11953,12367,12906,13283,13669,14042,14320,14637,14935,15272,15575,16097,16407,16800,17134,17435,17579,18245,18441,18804,19077,19383,19521,19831,20106,20594,20933,21243,21470,21763,21992,22363,22706,23072,23432,23641,23789,23888,24168,24551,24958,25177,25631,25811,26128,26260,27018,27356,27711,28154,28476,28704,29139,29882,30086,30681,31133,31372,31768,32236,32865,33775,34261,35011,35232,35464,36128,36938,37488,37898,38398,38926,39302,39785,40371,41008,41459,41930,42265,42497,43186,43846,44314,44853,45282,45462,45787,46385,47104,47577,48070,48447,48692,49046,49495,49891,50762,51577,51951,52332,52705,53035,54043,54841,55504,55952,56414,57112,58311,60975,62312,63096,64080,64620,65327,65943,67169,68221,69164,69689,70010,70491,71067,71926,72863,73665,74136,74524,75179,76105,76655,78282,79242,79848,80444,81053,82301,83419,84450,85327,86032,86661,87638,88644,89821,90875,91691,92130,92643,93183,94467,96020,97232,98390,99283,99791,1.0076e+05,1.0223e+05,1.0338e+05
0,0,0,0,0,0,0,0,0,0,0,0,0,0,0,0,0,0,0,0,0,0,0,0,0,0,0,0,0,0,0,0,0,0,0,0,0,0,0,0,0,0,0,0,0,0,1,1,1,1,4,5,7,7,10,14,18,27,39,44,51,68,78,107,138,163,213,275,305,355,392,447,492,549,593,663,717,801,844,845,960,1012,1053,1096,1141,1236,1330,1409,1488,1621,1731,1858,2231,2432,2580,2712,2900,3067,3220,3736,3924,4123,4330,4504,4752,5083,5390,5667,5784,5873,6073,6154,6420,6591,6757,6786,6799,7137,7179,7318,7412,7673,7691,7741,7850,7924,8010,8063,8327,8353,8363,8561,8590,8673,8733,8835,8875,8910,9022,9087,9181,9248,9347,9382,9441,9621,9713,9899,9987,10187,10263,10302,10532,10638,10942,11091,11380,11524,11656,11975,12136,12495,12666,13164,13370,13510,14036,14225,14632,14995,15434,15748,15931,16537,16773,17198,17499,17955,18176,18341,18955,19180,19659,20062,20580,20953,21225,21676,21861,22323,22560,22991,23219,23379,23897,24164,24582,24877,25327,25599,25766,26267,26509,27066,27397,27893,28556,28556,29209,29424,29918,30355,31344,31735,31957,32823,33120,34030,34478,35124,35615,35751,36570,36905,37756,38258,39181,39427,39579,40066,40729,41107,41442,41976,42226,42315,43192,43485,44190,44595,45513,45827,46016,46934,47275,48089,48488,49582,49769,49945,51007,51359,52054,52437,53319,53544,53720,54544,54977,55547,56055,57217,57519,57739,58785,59231,60110,60776
0,0,0,0,0,0,0,0,0,0,0,0,0,0,0,0,0,0,0,0,0,0,0,0,0,0,0,0,0,0,0,0,0,0,0,0,0,0,0,0,0,0,0,0,1,1,1,4,5,8,10,14,16,18,21,26,28,50,64,87,103,123,162,197,247,301,380,435,476,623,627,765,765,909,946,946,1141,1141,1332,1684,1684,1946,2001,2032,2194,2415,2504,2688,2942,3032,3186,3359,3460,3760,3896,4066,4137,4358,4519,4690,4864,4861,5112,5227,5805,5917,6112,6271,6423,6423,6659,6834,6834,7206,7425,7669,7669,7916,8050,8148,8267,8401,8546,8546,8546,8925,9051,9159,9437,9677,9677,10019,10156,10381,10674,10945,11254,11254,11441,11665,11838,11899,12121,12397,12397,12596,12596,12940,13139,13394,13570,13689,13778,14078,14300,14553,14795,15102,15166,15280,15557,15775,16011,16303,16303,16303,17078,17444,17843,18169,18592,19040,19306,19569,20137,20586,20990,21510,22088,23064,23316,23960,24437,25043,25826,26655,26968,27471,27993,28607,29259,30024,30596,31056,31375,32062,32599,33106,33647,34423,34827,35098,35636,36780,37516,38123,38753,38753,39508,40114,40741,41441,42076,42870,42870,43696,44367,45029,45777,46555,47374,47824,48186,48972,49776,50671,51458,52242,52552,52842,53097,53755,54548,55475,56185,56712,57045,57762,58522,59126,59880,60854,61290,61661,62474,63257,63891,64796,65764,66218,66665,67579,68558,69441,70435,71705,72318,72857,73890,76279,77145,78141,79127,79970,80608,81366,82683,83862
0,0,0,0,0,0,0,0,0,0,0,0,0,0,0,0,0,0,0,0,0,0,0,0,0,0,0,0,0,0,0,0,0,0,0,0,0,0,0,0,0,0,0,0,0,0,0,0,0,5,19,29,77,87,115,196,257,392,537,763,837,1172,1388,1794,2303,2743,3314,3539,4024,5236,6423,9147,10295,12494,13008,14865,16281,17025,18276,19245,20005,20583,21004,21506,21939,22515,23102,23564,23909,24504,24835,25239,25720,26120,26492,26753,27046,27260,27628,27969,28673,29099,29298,29629,29950,30352,30604,30806,31366,31548,31763,31996,32598,33423,33761,34037,34348,34620,34948,35226,36404,36813,36813,37057,37683,37909,38347,38649,38649,39414,39752,40168,40572,40955,41384,41807,42303,42630,42863,43422,43836,44277,44798,46072,46407,46958,47491,48419,48419,48291,49160,49552,50013,51365,52247,53184,54531,54531,55995,56839,57853,59934,61314,63041,63041,64972,66069,68000,69881,71721,74353,76516,77832,79535,81747,83832,86103,88279,88279,91389,94565,96249,99015,1.013e+05,1.0338e+05,1.0338e+05,1.0722e+05,1.0956e+05,1.1068e+05,1.1241e+05,1.1411e+05,1.1591e+05,1.1591e+05,1.1936e+05,1.2045e+05,1.2406e+05,1.2554e+05,1.2684e+05,1.2833e+05,1.2833e+05,1.3098e+05,1.3154e+05,1.327e+05,1.3385e+05,1.3499e+05,1.3627e+05,1.3627e+05,1.3744e+05,1.3799e+05,1.3863e+05,1.394e+05,1.4032e+05,1.4122e+05,1.4122e+05,1.4243e+05,1.4305e+05,1.4359e+05,1.4443e+05,1.451e+05,1.457e+05,1.457e+05,1.4732e+05,1.4765e+05,1.4833e+05,1.4928e+05,1.501e+05,1.509e+05,1.509e+05,1.5229e+05,1.526e+05,1.5286e+05,1.5437e+05,1.5484e+05,1.5559e+05,1.5559e+05,1.5687e+05,1.5736e+05,1.5772e+05,1.5823e+05,1.5871e+05,1.5968e+05,1.5968e+05,1.6061e+05,1.6086e+05,1.616e+05,1.6203e+05,1.626e+05,1.6331e+05,1.6331e+05,1.6422e+05,1.6446e+05,1.6499e+05,1.654e+05,1.6595e+05,1.6676e+05,1.6676e+05,1.6765e+05,1.6787e+05,1.684e+05,1.6945e+05,1.6998e+05,1.7023e+05,1.7023e+05,1.7141e+05,1.7146e+05,1.7214e+05,1.7246e+05,1.7321e+05
0,0,0,0,0,0,0,0,0,0,0,0,0,0,0,0,0,0,0,0,0,0,0,0,0,0,0,0,0,0,0,0,0,0,0,0,0,0,0,0,0,0,0,0,0,0,0,0,0,0,1,3,3,2,17,25,33,50,51,62,81,95,102,119,128,135,173,206,222,244,244,302,343,361,369,391,404,416,428,449,473,489,547,583,614,632,657,672,690,694,705,722,747,774,774,819,827,840,853,890,915,943,970,986,1000,1024,1087,1125,1152,1175,1200,1213,1246,1288,1322,1360,1392,1411,1434,1503,1557,1617,1676,1711,1724,1750,1772,1819,1853,1901,1940,1958,1981,2020,2045,2074,2104,2143,2160,2178,2205,2236,2288,2319,2347,2364,2369,2386,2427,2456,2480,2496,2505,2524,2538,2588,2618,2657,2692,2715,2738,2765,2795,2828,2848,2865,2874,2885,2902,2929,2936,2950,2967,2980,2986,2998,3014,3048,3055,3093,3112,3122,3120,3133,3148,3176,3193,3207,3208,3233,3247,3267,3287,3303,3312,3317,3328,3333,3348,3358,3371,3376,3377,3390,3409,3435,3460,3479,3504,3519,3529,3540,3562,3581,3595,3607,3613,3621,3638,3650,3670,3684,3695,3708,3717,3751,3762,3762,3788,3796,3803,3802,3821,3838,3858,3876,3907,3913,3924,3938,3971,3989,4017,4028,4043,4055,4081,4093,4105,4122,4131,4149,4190,4217,4243,4255,4281,4301,4323,4352,4380,4402,4426,4445,4474,4496,4524,4539
0,0,0,0,0,0,0,0,0,0,0,0,0,0,0,0,0,0,0,0,0,0,0,0,0,0,0,0,0,0,0,0,0,0,0,0,0,0,0,0,0,0,0,0,3,3,5,5,8,9,12,18,27,24,42,60,85,107,148,192,242,288,347,423,581,773,993,1237,1410,1657,1982,2326,2753,3118,3608,4035,4361,5519,6169,6952,7675,8205,8915,9451,10010,10759,11544,12295,12814,13650,14160,14741,15698,16572,17720,18533,19434,20059,20794,21681,23407,24401,25387,26328,27036,28077,29278,30387,31432,32481,33260,33947,34687,35776,36855,37832,38667,39598,41382,42154,43350,44244,45315,46130,46967,47493,48230,49511,50782,51805,52564,53112,53958,54763,55635,56540,57250,57738,58165,58663,59223,59954,60367,61052,61445,61774,62151,62704,62962,63281,63686,64035,64329,64730,65059,65499,65833,66168,66495,66968,67273,67629,68134,68670,69049,69336,69607,70095,70555,71138,71596,72151,72788,73205,73929,74677,75309,76005,76823,77723,78268,79117,79737,80397,81298,82563,83248,84370,85018,85777,86659,87796,88782,89686,90533,91215,91770,92341,93131,93899,94809,95564,96146,96680,97453,98165,98974,99483,99984,1.005e+05,1.0091e+05,1.0149e+05,1.0216e+05,1.0277e+05,1.0334e+05,1.0391e+05,1.0428e+05,1.047e+05,1.0527e+05,1.0587e+05,1.065e+05,1.0699e+05,1.0744e+05,1.0803e+05,1.0848e+05,1.0916e+05,1.0996e+05,1.1073e+05,1.1124e+05,1.12e+05,1.1234e+05,1.1268e+05,1.1317e+05,1.1381e+05,1.146e+05,1.1517e+05,1.157e+05,1.1629e+05,1.1693e+05,1.1755e+05,1.1809e+05,1.1875e+05,1.1916e+05,1.1957e+05,1.199e+05,1.2028e+05,1.2077e+05,1.2132e+05,1.2193e+05,1.2235e+05,1.2283e+05,1.2326e+05,1.2367e+05,1.2445e+05,1.2515e+05,1.2573e+05,1.2621e+05,1.267e+05,1.271e+05,1.2756e+05,1.2831e+05,1.2904e+05,1.2967e+05,1.3023e+05,1.3073e+05,1.3121e+05,1.3178e+05,1.324e+05
0,0,0,0,0,0,0,1,1,1,1,1,1,1,1,1,1,1,1,1,1,1,1,1,1,1,1,1,1,1,1,1,1,1,1,1,1,1,1,2,2,3,5,13,27,71,90,95,108,126,154,207,277,343,479,711,958,1213,1574,1869,2133,2701,3375,4066,4923,5766,6385,6880,8011,9192,10413,11572,12913,14015,14937,16698,18605,20284,22103,23988,25185,26049,27898,30561,32831,35034,37789,39114,40146,42602,44605,47076,49178,51221,52579,53334,55116,57002,58924,60657,62344,63260,63907,65527,67040,68509,69923,71179,71749,72090,73156,74347,75432,76479,77386,77914,78235,79295,80223,81070,81850,82606,82950,83230,83415,84164,84788,85347,85817,86059,86219,86668,87058,87443,87760,88049,88178,88315,88621,88921,89148,89357,89589,89684,89761,89976,90165,90390,90587,90746,90837,90913,91118,91296,91473,91660,91836,91965,92031,92212,92421,92624,92838,92942,93002,93109,93323,93548,93766,94011,94238,94351,94444,94707,94922,95209,95429,95654,95776,95866,96120,96384,96643,96899,97153,97323,97457,97795,98116,98432,98755,99085,99217,99331,99677,99982,1.0031e+05,1.0066e+05,1.0096e+05,1.0112e+05,1.0121e+05,1.0156e+05,1.0184e+05,1.0212e+05,1.0246e+05,1.028e+05,1.0296e+05,1.0308e+05,1.0343e+05,1.038e+05,1.041e+05,1.0443e+05,1.0471e+05,1.0487e+05,1.0497e+05,1.0535e+05,1.0573e+05,1.0609e+05,1.0645e+05,1.0679e+05,1.0698e+05,1.0712e+05,1.0751e+05,1.0788e+05,1.0826e+05,1.0802e+05,1.0821e+05,1.086e+05,1.0894e+05,1.0914e+05,1.093e+05,1.0947e+05,1.0983e+05,1.1022e+05,1.1073e+05,1.1098e+05,1.112e+05,1.1149e+05,1.1177e+05,1.1216e+05,1.1258e+05,1.1313e+05,1.1346e+05,1.1368e+05,1.1385e+05,1.1435e+05,1.1478e+05,1.1523e+05,1.1575e+05,1.163e+05,1.167e+05,1.1717e+05,1.1765e+05,1.1834e+05,1.1903e+05,1.1967e+05,1.2026e+05,1.2072e+05,1.2117e+05,1.2163e+05,1.2203e+05,1.2272e+05,1.2332e+05,1.2381e+05,1.2452e+05,1.2522e+05,1.2575e+05,1.263e+05
0,0,0,0,0,0,0,0,0,0,0,0,0,0,0,0,0,0,0,0,0,0,0,0,0,0,0,0,0,0,0,0,0,0,0,0,0,0,0,0,0,0,0,0,0,0,0,0,0,2,3,24,36,45,76,90,159,314,471,624,1130,1453,1941,2467,3031,3847,4889,5752,6801,7949,9715,11227,13217,14730,16262,17814,19636,21068,22289,23271,24492,25174,26613,28033,29135,29957,31216,32022,32679,33315,34039,35395,36836,38320,38779,39530,40023,41155,42367,43467,44513,45413,46036,46337,46903,47727,48401,49158,49664,50073,50618,51250,51806,53154,53797,54302,54950,55842,56452,57309,57975,58530,59033,59382,59608,59961,60579,61103,61820,62212,62698,62914,63226,63643,63965,64807,64900,64955,65090,65153,65168,65435,65657,65820,66038,66068,66252,66480,66780,67079,67527,67693,67939,68179,68537,68970,69309,69658,69925,70202,70703,71061,71649,72145,72543,72897,73221,73853,74500,75011,75632,76317,76723,77144,77811,78858,79786,80540,81285,81815,82342,83006,83675,84376,85017,85567,86604,87115,87897,88913,89719,90511,91268,91694,92308,93108,93825,94586,95400,96122,96657,97237,98144,98619,99786,1.0065e+05,1.0171e+05,1.0219e+05,1.0268e+05,1.0333e+05,1.0402e+05,1.0454e+05,1.0454e+05,1.0596e+05,1.0672e+05,1.076e+05,1.0855e+05,1.0939e+05,1.1025e+05,1.1104e+05,1.1104e+05,1.1243e+05,1.1292e+05,1.1372e+05,1.1436e+05,1.1513e+05,1.1618e+05,1.1708e+05,1.1708e+05,1.1829e+05,1.1879e+05,1.1976e+05,1.2073e+05,1.2214e+05,1.2294e+05,1.2294e+05,1.2417e+05,1.2486e+05,1.2562e+05,1.266e+05,1.2738e+05,1.2797e+05,1.2797e+05,1.2954e+05,1.3024e+05,1.3114e+05,1.3221e+05,1.3325e+05,1.3425e+05,1.3425e+05,1.3558e+05,1.3669e+05,1.3789e+05,1.3888e+05,1.3987e+05,1.4114e+05,1.4114e+05,1.4259e+05,1.4374e+05,1.4495e+05,1.4635e+05,1.4768e+05,1.4931e+05,1.4931e+05,1.5126e+05,1.5272e+05,1.5431e+05,1.5677e+05
0,0,0,0,0,0,0,0,0,0,0,0,0,0,0,0,0,0,0,0,0,0,0,0,0,0,0,0,0,0,0,0,0,0,0,0,0,0,0,0,0,0,0,0,1,1,1,2,2,5,9,14,21,21,53,59,77,89,113,134,167,234,261,286,344,396,441,503,576,629,688,741,787,864,934,985,1068,1152,1238,1334,1425,1618,1618,1692,1806,1806,2067,2206,2353,2467,2564,2719,2939,3182,3443,3599,3808,4178,4641,5133,5727,6229,6660,7231,7848,8576,9362,10085,10787,11268,11796,12491,12914,13432,14237,14966,15665,16369,17025,17665,18195,19000,19840,20568,21309,21954,22458,22941,23525,24184,24844,25202,25502,25864,26267,26973,27494,27879,28217,28516,28861,29308,29787,30163,30462,30683,30871,31286,31664,32017,32445,32898,33203,33446,33739,34099,34591,35008,35522,35834,36274,36687,37181,37594,37594,38106,38539,39103,39559,40132,40736,41540,42250,42741,43138,43708,44312,44978,45435,46169,47072,47420,47924,48683,49449,50251,51112,51761,52238,52901,53645,54416,55139,55898,56511,57113,57729,58589,59134,60049,60846,61464,61787,62251,62940,63670,64359,65098,65662,66036,66562,67251,68074,68807,69523,70232,70639,71168,72318,73162,74177,75104,75777,76265,76991,78022,78861,79771,80472,81112,81492,81750,82129,82594,83464,84179,84817,85217,85678,86580,87663,88573,89859,90780,91260,91931,92837,94013,95477,96547,97448,98249,98934,99997,1.0116e+05,1.0257e+05,1.0361e+05,1.0458e+05,1.0552e+05,1.0643e+05,1.0769e+05,1.0908e+05,1.1059e+05,1.1202e+05,1.132e+05,1.1433e+05,1.1569e+05,1.1685e+05
0,0,0,0,0,0,0,0,0,0,0,0,0,0,0,0,0,0,0,0,0,0,0,0,0,0,0,0,0,0,0,0,0,0,0,0,0,0,0,0,0,0,0,0,0,0,0,0,0,0,1,6,6,6,12,21,34,49,79,139,206,248,317,374,482,575,659,754,842,928,1064,1166,1345,1436,1607,1706,1883,1965,2213,2414,2584,2718,2878,3023,3295,3552,3712,3889,4183,4417,4613,4791,5043,5317,5598,5789,5968,6213,6435,6680,7073,7297,7403,7726,8053,8269,8532,8928,9216,9337,9505,9739,9919,10307,10621,10941,11108,11242,11512,11773,12028,12427,12801,13045,13239,13510,13821,14145,14554,14956,15242,15469,15755,16031,16264,16471,16739,16969,17458,17802,18154,18154,18754,19001,19168,19451,19802,20287,20287,20287,20287,20287,21934,22491,23012,24090,24625,25087,25447,26113,26780,27427,28292,29191,30169,30391,30744,31691,32355,33048,34074,34866,35727,36114,36968,37983,39210,40232,41243,42028,43270,44884,46418,47389,48912,50293,51465,52087,53368,55078,56832,57990,59117,59780,60339,61406,62641,63593,64621,65817,66342,66816,67452,68504,69112,70048,70868,71246,71521,72307,73650,74537,75408,76342,76966,77475,78271,79171,79752,80350,81079,81722,81996,82626,83404,84153,84974,85504,85906,86144,86386,86808,87323,88167,88611,88865,89006,89507,90209,90901,91397,92051,92326,92517,92980,93527,94255,94973,95615,95797,95987,96572,97123,97819,98488,99089,99405,99619,1.0059e+05,1.0115e+05,1.0173e+05,1.0258e+05,1.0354e+05,1.0383e+05,1.0413e+05,1.0483e+05,1.0569e+05,1.07e+05
0,0,0,0,0,0,0,0,0,0,0,0,0,0,0,0,0,0,0,0,0,0,0,0,0,0,0,0,0,0,0,0,0,0,0,0,0,0,0,0,0,0,0,0,0,0,1,1,1,1,1,4,4,5,8,14,21,42,79,89,122,225,291,382,577,743,863,931,1285,1546,1799,1997,2118,2466,2562,3023,3320,3504,3747,4142,4388,4527,4706,4871,4996,5299,5511,5704,5872,6034,6233,6424,6691,6934,7099,7266,7435,7582,7751,7946,8180,8439,8702,8988,9185,9437,9673,9819,9978,10095,10202,10319,10510,10674,10863,11039,11162,11310,11441,11617,11764,11975,12134,12383,12538,12710,12861,13072,13222,13389,13562,13776,14044,14287,14575,14742,15029,15118,15341,15552,15740,15932,15983,16218,16248,16597,16843,17055,17357,17653,18043,18446,18579,18991,19109,19623,20202,20558,20782,21300,21797,22089,22621,23140,23561,23790,24183,24889,25560,26379,27033,27570,27842,28250,29195,30012,30825,31689,32652,33470,34051,35143,36445,38008,39583,40981,42106,43435,45127,46887,49085,50560,51574,52126,53156,54364,55556,56713,57776,57960,59321,60297,61378,62891,64362,65723,66931,68122,69152,69982,71209,72276,73547,74875,75705,76519,77311,78658,80126,81583,83080,84385,85546,86647,88125,89544,91132,93067,94384,95298,96073,97389,98620,1.0014e+05,1.0216e+05,1.0385e+05,1.0512e+05,1.0647e+05,1.0768e+05,1.0936e+05,1.1117e+05,1.1263e+05,1.1392e+05,1.1529e+05,1.1635e+05,1.1793e+05,1.1927e+05,1.2115e+05,1.2317e+05,1.2467e+05,1.2591e+05,1.2617e+05,1.2636e+05,1.2655e+05,1.3058e+05,1.3221e+05,1.3365e+05,1.3494e+05,1.3589e+05,1.3698e+05,1.3853e+05,1.4054e+05,1.452e+05,1.4545e+05,1.4567e+05,1.4587e+05,1.5027e+05,1.5213e+05
0,0,0,0,0,0,0,0,0,0,0,0,0,0,0,0,0,0,0,0,0,0,0,0,0,0,0,0,0,0,0,0,0,0,0,0,0,0,0,0,0,0,0,0,0,0,0,0,0,0,0,1,4,5,5,6,8,9,15,22,28,28,44,53,76,89,106,128,145,167,176,206,207,227,248,259,272,284,302,310,320,329,335,336,340,348,355,356,361,361,364,365,366,367,368,370,370,371,371,373,373,373,373,374,373,373,373,375,376,376,377,379,379,379,383,383,383,384,384,391,391,391,391,391,391,391,392,395,403,414,416,419,423,423,436,438,436,440,443,449,456,457,467,480,493,501,505,521,543,551,578,594,609,617,637,664,685,703,712,754,793,827,880,902,922,951,979,1002,1041,1089,1162,1242,1269,1318,1395,1512,1602,1714,1789,1831,1903,1980,2056,2129,2218,2416,2469,2487,2564,2726,2831,2943,3033,3095,3123,3196,3285,3411,3545,3628,3667,3722,3788,3881,3983,4078,4172,4228,4259,4307,4361,4435,4527,4603,4637,4692,4808,4921,5023,5105,5239,5287,5341,5415,5525,5671,5789,5925,5980,6011,6071,6149,6269,6358,6468,6530,6589,6708,6814,6970,7163,7366,7458,7566,7818,7985,8252,8518,8786,8901,9169,9468,9740,10076,10362,10789,11024,11202,11656,12256,12782,13349,13908,14395,14736,15131,15651,16237
0,0,0,0,0,0,0,0,0,0,0,0,0,0,0,0,0,0,0,0,0,0,0,0,0,0,0,0,0,0,0,0,0,0,0,0,0,0,0,0,0,0,0,0,1,1,1,3,3,5,10,14,18,17,18,23,24,29,37,38,51,51,66,71,74,82,96,108,144,171,209,245,278,320,363,416,446,517,566,632,696,788,810,893,897,947,1060,1243,1467,1641,1678,1806,2195,2415,2710,3020,3347,3506,3840,4269,4996,5305,5649,6025,6358,6674,7319,7803,8076,8154,8382,8507,8887,9233,9582,10191,10147,10595,10824,11092,11397,11627,11928,12099,12327,12584,12949,13214,13612,13869,14065,14309,14580,14849,15103,15369,15535,15627,15749,15881,16021,16278,16485,16603,16693,16814,17001,17194,17377,17549,17667,17772,17923,18058,18180,18305,18483,18734,18858,19001,19136,19268,19408,19615,19782,19884,20001,20154,20376,20573,20728,20947,21120,21347,21665,21925,22080,22305,22426,22524,22788,23130,23425,23757,24112,24333,24556,24836,25094,25356,25699,26142,26318,26628,26884,27105,27412,27744,28026,28167,28353,28616,28946,29157,29571,29898,30148,30278,30470,30731,30943,31251,31530,31679,31788,31945,32244,32620,32993,33327,33644,33933,34174,34460,34881,35350,35541,35685,35765,35855,36346,36792,37245,37721,37986,38053,38505,38831,39279,39779,40242,40649,40935,41240,41634,42119,42570,43000,43431,43896,44409,44870,45382,46001,46780,47193,47596,48046,48533,49164,49814,49814,51605,52095,52550,53241,54138,55081
0,0,0,0,0,0,0,0,0,0,0,0,0,0,0,0,0,0,0,0,0,0,0,0,0,0,0,0,0,0,0,0,0,0,0,0,0,0,0,0,0,0,0,1,2,2,4,4,4,7,10,18,20,20,45,55,55,95,161,161,190,245,278,323,420,536,626,920,1012,1113,1278,1462,1513,1741,1854,1952,2123,2258,2455,2721,2701,2835,2989,3131,3208,3211,3521,3623,3725,3827,3934,4078,4205,4395,4536,4731,4697,4818,4931,5050,5245,5386,5469,5627,5657,5738,5852,5917,6168,6117,6149,6310,6473,6501,6730,6810,6945,7057,7092,7384,7396,7521,7522,7877,7952,8053,8146,8244,8372,8513,8624,8698,8854,8948,9126,9306,9488,9666,9813,10042,10215,10470,10701,10994,11198,11312,11680,11851,12166,12521,12973,13237,13525,13994,14359,14856,15237,16336,17157,17890,18452,19097,19728,20712,21569,22412,22903,23779,24295,24898,25902,26831,27676,28507,29611,30459,31906,33285,34467,35755,36702,37517,38646,39908,40874,41805,42832,43820,44925,45795,46813,48075,49061,50191,51185,52165,52814,53543,54519,55404,56214,56957,57505,58033,58634,59733,60592,61289,61951,62622,63011,63564,64413,65045,65577,65985,66389,66642,67195,67827,68436,68883,69203,69608,69844,70195,70683,71070,71578,71929,72066,72220,72502,72760,73174,73490,73768,73992,74200,74546,75047,75367,75752,75984,76242,76750,77137,77693,78294,78667,79128,79531,79915,80344,81111,81637,82029,82366,82841,83271,83750,84513,85318,85698,86265,86748,87225,87878
0,0,0,0,0,0,0,0,0,0,0,0,0,0,0,0,0,0,0,0,0,0,0,0,0,0,0,0,0,0,0,0,0,0,0,0,0,0,0,0,1,2,2,2,2,2,4,4,4,5,6,6,7,7,17,26,37,37,48,61,73,78,101,108,137,154,187,214,258,357,367,479,479,540,617,714,714,746,787,787,885,928,984,921,1139,1139,1285,1342,1390,1443,1476,1571,1659,1717,1788,1859,1927,2003,2051,2143,2295,2395,2499,2573,2621,2721,2822,2919,2979,3043,3129,3213,3273,3348,3419,3546,3586,3620,3710,3854,3920,3997,4074,4135,4185,4219,4276,4379,4486,4486,4645,4679,4739,4785,4868,4868,5009,5034,5070,5070,5170,5205,5246,5294,5313,5340,5360,5433,5449,5485,5517,5542,5555,5570,5596,5636,5669,5715,5745,5759,5781,5801,5821,5855,5871,5893,5911,5931,5951,5972,5989,6022,6048,6063,6091,6113,6139,6165,6188,6203,6249,6262,6295,6318,6375,6415,6436,6441,6500,6513,6541,6582,6613,6634,6659,6689,6716,6739,6776,6812,6829,6840,6861,6886,6921,6964,6980,6988,7004,7017,7036,7048,7069,7092,7101,7134,7150,7150,7191,7213,7243,7251,7273,7295,7306,7345,7366,7415,7443,7474,7491,7491,7570,7619,7651,7693,7711,7747,7780,7780,7859,7917,7941,7947,7984,8004,8042,8081,8118,8168,8203,8230,8263,8313,8532,8592,8642,8642,8725,8725,8876,8963,9083,9137,9200,9269,9341,9418
0,0,0,0,0,0,0,0,0,0,0,0,0,0,0,0,0,0,0,0,0,0,0,0,0,0,0,0,0,0,0,0,0,0,0,0,0,0,0,0,0,0,0,2,2,4,5,5,15,23,29,49,69,72,176,250,396,738,887,1322,1905,2832,3660,4384,6845,8787,11073,13330,16568,18620,22159,25474,29746,33942,37310,40875,44161,47148,50708,54251,57789,61455,64168,68382,70562,74816,77946,80877,84709,88109,91774,95225,99306,1.0147e+05,1.0475e+05,1.0826e+05,1.1038e+05,1.1301e+05,1.1549e+05,1.1775e+05,1.2027e+05,1.2278e+05,1.2579e+05,1.2729e+05,1.2961e+05,1.309e+05,1.3299e+05,1.3481e+05,1.3636e+05,1.3771e+05,1.3916e+05,1.3986e+05,1.4049e+05,1.4164e+05,1.4291e+05,1.4401e+05,1.4543e+05,1.4715e+05,1.4827e+05,1.4968e+05,1.5048e+05,1.5146e+05,1.5202e+05,1.5303e+05,1.5396e+05,1.5463e+05,1.5548e+05,1.5604e+05,1.5769e+05,1.5845e+05,1.5929e+05,1.5975e+05,1.6037e+05,1.6089e+05,1.6134e+05,1.6215e+05,1.627e+05,1.6298e+05,1.6331e+05,1.636e+05,1.6415e+05,1.6462e+05,1.6496e+05,1.654e+05,1.6568e+05,1.659e+05,1.6622e+05,1.665e+05,1.669e+05,1.6729e+05,1.6762e+05,1.6793e+05,1.682e+05,1.6851e+05,1.6867e+05,1.6897e+05,1.6936e+05,1.6965e+05,1.6995e+05,1.7004e+05,1.7043e+05,1.7069e+05,1.7111e+05,1.715e+05,1.7178e+05,1.7215e+05,1.7236e+05,1.7262e+05,1.7278e+05,1.7301e+05,1.7337e+05,1.737e+05,1.7403e+05,1.7426e+05,1.7465e+05,1.7501e+05,1.7523e+05,1.7528e+05,1.7554e+05,1.7551e+05,1.7568e+05,1.7597e+05,1.7635e+05,1.7659e+05,1.7704e+05,1.7755e+05,1.7805e+05,1.785e+05,1.7897e+05,1.7927e+05,1.7964e+05,1.8033e+05,1.807e+05,1.8102e+05,1.8128e+05,1.8164e+05,1.8199e+05,1.8236e+05,1.8272e+05,1.8309e+05,1.8343e+05,1.8369e+05,1.8413e+05,1.8459e+05,1.8524e+05,1.8581e+05,1.8608e+05,1.8609e+05,1.864e+05,1.8673e+05,1.8705e+05,1.8715e+05,1.8744e+05,1.8797e+05,1.8811e+05,1.8834e+05,1.8864e+05,1.8892e+05,1.8923e+05,1.8958e+05,1.8993e+05,1.9022e+05,1.9057e+05,1.9089e+05,1.912e+05,1.9157e+05,1.9202e+05,1.9234e+05,1.9265e+05,1.9298e+05,1.9326e+05,1.9358e+05,1.94e+05,1.9447e+05,1.9492e+05,1.9522e+05,1.9554e+05,1.9598e+05,1.9637e+05,1.9694e+05,1.9742e+05,1.9788e+05,1.9833e+05,1.9872e+05,1.9914e+05,1.9955e+05,1.9978e+05,2.0067e+05,2.0141e+05,2.0211e+05,2.0266e+05,2.0312e+05,2.0383e+05,2.0444e+05,2.0518e+05,2.0612e+05,2.0674e+05,2.0725e+05,2.0788e+05,2.0839e+05,2.0968e+05,2.1054e+05,2.114e+05,2.1215e+05,2.1262e+05,2.136e+05,2.1453e+05,2.155e+05
0,0,0,0,0,0,0,0,0,0,0,0,0,0,0,0,0,0,0,0,0,0,0,0,0,0,0,0,0,0,0,0,0,0,0,0,0,0,0,0,0,0,0,0,0,0,0,0,0,3,5,10,13,13,21,23,28,35,42,55,57,83,100,113,113,136,207,235,235,310,322,368,485,501,617,679,787,814,857,1070,1077,1227,1244,1325,1463,1463,1573,1772,1816,1938,1938,2175,2341,2480,2619,2684,2783,2932,3169,3366,3466,3683,3800,3981,4085,4236,4439,4618,4723,4808,5012,5155,5305,5443,5599,5783,5872,6028,6124,6247,6403,6555,6555,6871,6954,7057,7179,7291,7419,7551,7615,7726,7947,8061,8273,8591,8719,8859,8981,9024,9166,9281,9439,9534,9634,9756,9840,9971,10063,10165,10334,10469,10597,10741,10892,11093,11307,11515,11704,11866,12026,12152,12388,12640,12923,13110,13356,13572,13854,14083,14374,14595,14842,15099,15316,15635,15921,16215,16489,16719,16955,17253,17550,17878,18180,18486,18729,19183,19458,19794,20042,20246,20439,20647,20757,20959,21177,21374,21561,21709,21901,22016,22211,22375,22541,22711,22846,22948,23036,23113,23281,23477,23616,23816,23903,24048,24112,24233,24416,24536,24668,24772,24839,24946,25097,25292,25379,25522,25580,25618,25654,25740,25901,26034,26131,26229,26310,26390,26508,26665,26809,26964,27029,27128,27232,27420,27652,27911,28116,28266,28404,28576,28850,29069,29405,29693,29873,30026,30327,30748,31125,31605,32075,32332,32706,33047,33609,34256
0,0,0,0,0,0,0,0,0,0,0,0,0,0,0,0,0,0,0,0,0,0,0,0,0,0,0,0,0,0,0,0,0,0,0,0,0,0,0,0,0,1,10,21,24,76,105,138,152,216,296,379,557,633,961,1407,2507,4221,7660,10410,15191,20884,25681,30841,37397,44701,52400,59648,66663,75853,83948,92505,1.0299e+05,1.1383e+05,1.2316e+05,1.3181e+05,1.3987e+05,1.5106e+05,1.6178e+05,1.7235e+05,1.8102e+05,1.8903e+05,1.9575e+05,2.0301e+05,2.1445e+05,2.2368e+05,2.3059e+05,2.3739e+05,2.4354e+05,2.4862e+05,2.5349e+05,2.5842e+05,2.6345e+05,2.7158e+05,2.8213e+05,2.8803e+05,2.9198e+05,2.9509e+05,2.9967e+05,3.0435e+05,3.083e+05,3.1296e+05,3.164e+05,3.1893e+05,3.2117e+05,3.2396e+05,3.2745e+05,3.3039e+05,3.331e+05,3.3537e+05,3.3703e+05,3.3846e+05,3.4064e+05,3.4303e+05,3.4579e+05,3.4821e+05,3.501e+05,3.5135e+05,3.5282e+05,3.5434e+05,3.5642e+05,3.5812e+05,3.5989e+05,3.6148e+05,3.6273e+05,3.638e+05,3.6493e+05,3.6669e+05,3.6825e+05,3.6962e+05,3.7073e+05,3.7167e+05,3.73e+05,3.7405e+05,3.7509e+05,3.7617e+05,3.7728e+05,3.7806e+05,3.7876e+05,3.7944e+05,3.8012e+05,3.8085e+05,3.8168e+05,3.8259e+05,3.8328e+05,3.839e+05,3.8454e+05,3.851e+05,3.8572e+05,3.8652e+05,3.8723e+05,3.879e+05,3.8845e+05,3.8904e+05,3.8962e+05,3.9037e+05,3.9118e+05,3.9188e+05,3.9249e+05,3.9288e+05,3.9341e+05,3.9403e+05,3.9491e+05,3.9583e+05,3.9655e+05,3.9708e+05,3.976e+05,3.9819e+05,3.9888e+05,3.9947e+05,4.0025e+05,4.0098e+05,4.0166e+05,4.0222e+05,4.0313e+05,4.0396e+05,4.0473e+05,4.055e+05,4.0625e+05,4.0676e+05,4.0728e+05,4.0813e+05,4.0884e+05,4.0965e+05,4.104e+05,4.1115e+05,4.1169e+05,4.1229e+05,4.1283e+05,4.1354e+05,4.1432e+05,4.1496e+05,4.1571e+05,4.1624e+05,4.1679e+05,4.1753e+05,4.1817e+05,4.1887e+05,4.1959e+05,4.2029e+05,4.208e+05,4.2128e+05,4.2195e+05,4.2265e+05,4.2338e+05,4.2411e+05,4.2484e+05,4.2545e+05,4.2586e+05,4.2651e+05,4.2714e+05,4.2774e+05,4.2845e+05,4.2911e+05,4.2968e+05,4.3009e+05,4.3071e+05,4.3128e+05,4.3207e+05,4.3271e+05,4.3334e+05,4.3404e+05,4.3469e+05,4.3545e+05,4.3616e+05,4.3705e+05,4.3791e+05,4.3871e+05,4.3944e+05,4.3996e+05,4.4052e+05,4.4109e+05,4.4185e+05,4.4273e+05,4.4358e+05,4.443e+05,4.4489e+05,4.4565e+05,4.463e+05,4.472e+05,4.4799e+05,4.4898e+05,4.4984e+05,4.5041e+05,4.5117e+05,4.5183e+05,4.5279e+05,4.5369e+05,4.547e+05,4.5556e+05,4.564e+05,4.5759e+05,4.5859e+05,4.5997e+05,4.6156e+05,4.633e+05,4.6452e+05,4.6545e+05,4.6684e+05,4.682e+05,4.7004e+05,4.7163e+05,4.7307e+05,4.7422e+05,4.7524e+05,4.7663e+05,4.7786e+05,4.7932e+05
0,0,0,0,0,0,0,0,0,0,0,0,0,0,0,0,0,0,0,0,0,0,0,0,0,0,0,0,0,0,0,0,0,0,0,0,0,0,0,0,1,1,1,1,2,2,2,7,7,9,17,22,32,33,39,62,104,152,208,287,325,423,544,661,791,963,1105,1234,1426,1578,1855,2093,2380,2635,2891,3153,3453,3700,3993,4230,4535,4839,5024,5195,5484,5877,6171,6524,6818,7033,7331,7728,8200,8634,8929,9339,9782,10144,10711,11120,11585,11929,12166,12482,12927,13540,14044,14509,14994,15265,15592,16016,16724,17519,18261,18746,19153,19674,20179,21004,21792,22740,23313,23866,24327,24942,25602,26737,27812,28722,29500,30138,30951,32180,33436,34753,35700,36813,37643,38507,39782,41412,42909,44271,45360,46321,47187,48564,50181,51675,52974,54094,55122,56407,57776,59394,61163,62692,64025,65287,67182,68786,70861,72324,73735,75167,76557,78148,80150,82163,84434,86433,88257,90337,92273,94302,96266,98633,1.0043e+05,1.0175e+05,1.0364e+05,1.0548e+05,1.0793e+05,1.1018e+05,1.1223e+05,1.1404e+05,1.1563e+05,1.1767e+05,1.1928e+05,1.2165e+05,1.236e+05,1.2558e+05,1.2699e+05,1.2836e+05,1.2993e+05,1.3116e+05,1.3311e+05,1.3498e+05,1.3676e+05,1.3813e+05,1.3894e+05,1.4026e+05,1.4162e+05,1.434e+05,1.45e+05,1.466e+05,1.4794e+05,1.4883e+05,1.5008e+05,1.5146e+05,1.5351e+05,1.555e+05,1.5728e+05,1.588e+05,1.6002e+05,1.6152e+05,1.6291e+05,1.6507e+05,1.6706e+05,1.686e+05,1.7029e+05,1.714e+05,1.7279e+05,1.7413e+05,1.7608e+05,1.7778e+05,1.7943e+05,1.8059e+05,1.8141e+05,1.8223e+05,1.8329e+05,1.8454e+05,1.8623e+05,1.8773e+05,1.8883e+05,1.8965e+05,1.9091e+05,1.9228e+05,1.9395e+05,1.9549e+05,1.9701e+05,1.9815e+05,1.9897e+05,2.0017e+05,2.0129e+05,2.0305e+05,2.0476e+05,2.0634e+05,2.0756e+05,2.0835e+05,2.0951e+05,2.1033e+05,2.1042e+05,2.1268e+05,2.1446e+05,2.1667e+05,2.1728e+05,2.1953e+05,2.2104e+05,2.2275e+05,2.2517e+05,2.2721e+05,2.2953e+05,2.3124e+05,2.3252e+05,2.3425e+05,2.3617e+05,2.387e+05
0,0,0,0,0,0,0,0,0,0,0,0,0,0,0,0,0,0,0,0,0,0,0,0,0,0,0,0,0,0,0,0,0,0,0,0,0,0,0,0,0,0,0,0,0,0,0,0,0,0,1,1,1,1,1,3,6,19,26,28,28,30,36,45,51,68,94,98,109,120,139,155,168,181,202,220,232,246,263,272,285,300,323,333,357,385,385,518,576,618,635,670,700,738,793,857,932,981,1023,1057,1097,1143,1180,1214,1253,1310,1353,1407,1446,1473,1499,1551,1627,1691,1740,1827,1879,1910,1973,2073,2207,2292,2340,2393,2432,2398,2415,2457,2496,2529,2552,2600,2621,2654,2681,2720,2791,2836,2855,2876,2916,2954,2990,3032,3054,3075,3098,3140,3167,3200,3225,3262,3287,3294,3336,3365,3392,3429,3463,3507,3544,3578,3620,3684,3740,3773,3806,3848,3918,4012,4093,4178,4265,4365,4401,4466,4558,4674,4781,4884,4969,5041,5190,5308,5424,5541,5680,5784,5934,6017,6081,6245,6373,6430,6552,6689,6810,6927,7064,7239,7326,7441,7609,7682,7878,8023,8143,8285,8344,8475,8655,8926,9155,9411,9550,9669,9891,10111,10426,10724,11066,11275,11387,11560,11792,12147,12479,12819,13104,13263,13332,13503,13827,14050,14512,14920,15162,15373,15591,15964,16451,16813,17147,17408,17660,18076,18534,18932,19402,19733,19964,20355,20760,21081,21540,21961,22348,22638,23118,23581,24076,24715,25220,25825,26279,26777,27456,28137
0,0,0,0,0,0,0,0,0,0,0,0,0,0,0,0,0,0,0,0,0,0,0,0,0,0,0,0,0,0,0,0,0,0,0,0,0,0,0,0,0,0,0,0,0,0,0,0,3,4,5,12,26,30,50,67,89,119,173,247,356,443,567,704,867,1136,1405,1652,1932,2197,2545,2899,3310,3734,4038,4448,4777,5143,5504,5869,6240,6593,6963,7272,7780,8400,9091,10205,11585,12902,13705,14096,14673,15145,15563,15948,16301,16745,17278,18003,18719,19311,19890,20450,20945,21552,22106,22990,23670,24055,24751,25224,25694,26330,26925,27445,27894,28424,28921,29403,30134,30761,31372,31875,32441,32970,33402,33877,34527,34993,35472,35942,36305,36748,37234,37710,38063,38428,38789,39114,39527,39955,40376,40803,41100,41528,41961,42372,43072,43676,44206,44753,45482,46072,46704,47596,48581,49398,50252,50989,51731,52807,54108,55199,56125,57092,57897,58845,60121,61270,62794,64151,65529,66787,67929,69243,70531,72208,73749,74860,76096,77142,78668,80102,81655,83092,83974,85071,86387,87780,89512,91040,91968,92912,93843,94981,96177,97335,98533,99824,1.007e+05,1.0158e+05,1.0268e+05,1.041e+05,1.0527e+05,1.064e+05,1.0752e+05,1.0813e+05,1.089e+05,1.0975e+05,1.1071e+05,1.1183e+05,1.1287e+05,1.1399e+05,1.1463e+05,1.1548e+05,1.1632e+05,1.1741e+05,1.1865e+05,1.1994e+05,1.2114e+05,1.2207e+05,1.2297e+05,1.2442e+05,1.2558e+05,1.2692e+05,1.2825e+05,1.2959e+05,1.3037e+05,1.3114e+05,1.318e+05,1.3277e+05,1.3389e+05,1.3513e+05,1.3637e+05,1.3721e+05,1.3829e+05,1.3929e+05,1.4032e+05,1.4139e+05,1.424e+05,1.4335e+05,1.4411e+05,1.4496e+05,1.4565e+05,1.4655e+05,1.4754e+05,1.4868e+05,1.498e+05,1.506e+05,1.5159e+05,1.5269e+05,1.5377e+05,1.551e+05,1.5659e+05,1.5775e+05,1.5868e+05,1.5974e+05,1.6107e+05,1.625e+05,1.6403e+05,1.6586e+05,1.6721e+05,1.685e+05,1.6993e+05,1.7137e+05,1.734e+05,1.7557e+05
0,0,0,0,0,0,0,0,0,0,0,0,0,0,0,0,0,0,0,0,0,0,0,0,0,0,0,0,0,0,0,0,0,0,0,0,0,0,0,0,0,0,0,0,0,1,1,1,2,2,3,3,4,4,10,17,17,44,49,53,67,81,106,164,248,322,377,429,481,568,721,880,989,1160,1253,1328,1473,1525,1685,1793,1867,1969,2068,2183,2262,2356,2464,2464,2566,2679,2806,2893,3015,3120,3193,3253,3280,3409,3472,3617,3747,3850,3971,4043,4126,4201,4329,4423,4489,4588,4612,4731,4857,4962,5086,5236,5309,5397,5488,5531,5677,5846,5957,6033,6086,6134,6225,6269,6334,6413,6413,6568,6687,6800,6902,7002,7054,7143,7198,7355,7475,7617,7840,8064,8220,8406,8634,8893,9344,9695,10026,10504,10722,11019,11498,11936,12335,12634,12935,13163,13745,14107,14519,15057,15635,15918,16347,17205,17879,18482,19077,19764,20220,20731,21725,22799,23424,24123,25039,25248,25418,26305,27275,27943,29089,30054,31257,32657,33747,34592,35710,36455,37699,38193,38570,39428,40529,41365,42218,43042,43529,43926,44687,45354,46058,46850,47749,48290,48659,49258,49867,50606,51675,52528,53093,53450,54097,54760,55471,56179,57264,58031,58636,59300,60019,60927,61934,63079,63493,64097,64921,65793,66563,67507,68510,69204,70064,71153,72116,73143,74389,75495,76235,76947,78102,79160,80238,81492,82479,83297,84135,85128,86098,87261,88452,89628,89628,90862,92212,93214,94422,95929,97456,98220,99017,1.0032e+05,1.0144e+05,1.0266e+05
0,0,0,0,0,0,0,0,0,0,0,0,0,0,0,0,0,0,0,0,0,0,0,0,0,0,0,0,0,0,0,0,0,0,0,0,0,0,1,1,3,3,3,3,3,6,14,14,14,19,24,30,36,36,38,65,73,86,110,133,155,185,204,259,309,405,466,535,592,674,719,808,876,876,1042,1042,1107,1156,1292,1293,1343,1497,1554,1601,1631,1703,1750,1810,1876,1922,1969,2024,2092,2142,2218,2275,2317,2347,2407,2471,2540,2596,2641,2719,2798,2874,2944,3023,3113,3179,3237,3308,3366,3424,3486,3555,3566,3628,3664,3738,3754,3801,3824,3862,3884,3901,3971,4017,4062,4116,4173,4232,4265,4325,4399,4491,4491,4581,4837,4903,4975,5146,5286,5286,5545,5728,6004,6124,6269,6475,6653,6838,6982,7173,7342,7465,7709,7981,8227,8370,8537,8805,9163,9504,9798,10091,10256,10450,10653,11017,11275,11657,11972,12233,12594,12864,13289,13580,13920,14344,14606,14891,15141,15457,15840,16221,16481,16802,17113,17414,17813,18156,18467,18738,18980,19300,19574,19811,20206,20560,20812,21021,21304,21548,21817,22111,22504,22745,22928,23143,23332,23615,23853,24129,24353,24558,24787,24965,25151,25440,25667,25924,26083,26304,26432,26687,26949,27194,27380,27518,27673,27787,27961,28168,28450,28631,28631,28948,29132,29339,29616,29864,30063,30257,30569,30758,31115,31559,31824,32063,32232,32522,32735,33078,33369,33711,33960,34234,34512,34802,35272,35667,36055,36382,36575,36879,37254,37613
0,0,0,0,0,0,0,0,0,0,0,0,0,0,0,0,0,0,0,0,0,0,0,0,0,0,0,0,0,0,0,0,0,0,0,0,0,0,0,0,0,0,0,0,2,2,6,7,12,16,22,41,47,47,79,112,153,204,305,390,499,688,928,1240,1774,2315,2808,3389,4101,4897,5930,7166,8449,10300,11418,12938,14635,16398,18050,19768,21426,22631,23961,25094,26372,27865,29445,31189,32421,33421,34732,35551,37833,39645,40575,42023,42952,44523,45703,47330,48928,49830,50546,52114,53148,54078,55216,56618,57793,59166,59675,60517,61298,62288,63308,64350,64849,65812,66445,67254,68369,69316,70105,70639,70995,71835,72601,73250,73993,74697,75122,75633,76197,76743,77297,77775,78456,78826,79253,79776,80214,80731,81340,81787,82041,82420,82795,83094,83474,83970,84335,84639,85225,85827,86285,86723,87432,88003,88407,88990,89624,90244,91057,91815,92327,92794,93487,94244,95033,95828,96691,97386,97944,98472,99394,1.0036e+05,1.0113e+05,1.0212e+05,1.0281e+05,1.034e+05,1.044e+05,1.0541e+05,1.0616e+05,1.0701e+05,1.0817e+05,1.0896e+05,1.0958e+05,1.1081e+05,1.1189e+05,1.1272e+05,1.1356e+05,1.1452e+05,1.1518e+05,1.1571e+05,1.1654e+05,1.1736e+05,1.1805e+05,1.188e+05,1.1954e+05,1.2016e+05,1.2074e+05,1.2163e+05,1.2238e+05,1.2324e+05,1.2415e+05,1.2493e+05,1.2568e+05,1.2619e+05,1.2674e+05,1.2732e+05,1.2794e+05,1.2868e+05,1.2938e+05,1.3007e+05,1.3056e+05,1.3107e+05,1.316e+05,1.3209e+05,1.3268e+05,1.3351e+05,1.3428e+05,1.3481e+05,1.3543e+05,1.3611e+05,1.3704e+05,1.3795e+05,1.3883e+05,1.3954e+05,1.4005e+05,1.4073e+05,1.4132e+05,1.4214e+05,1.4277e+05,1.4371e+05,1.4451e+05,1.4502e+05,1.4578e+05,1.4679e+05,1.4752e+05,1.4841e+05,1.4913e+05,1.4978e+05,1.5038e+05,1.5117e+05,1.5192e+05,1.5273e+05,1.5353e+05,1.5426e+05,1.5515e+05,1.5592e+05,1.5674e+05,1.5829e+05,1.5916e+05,1.6007e+05,1.6123e+05,1.6123e+05,1.6302e+05,1.6398e+05,1.6505e+05,1.6629e+05,1.6765e+05,1.69e+05,1.7038e+05,1.7134e+05,1.7233e+05,1.741e+05,1.7532e+05,1.7684e+05
0,0,0,0,0,0,0,0,0,0,0,0,0,0,0,0,0,0,0,0,0,0,0,0,0,0,0,0,0,0,0,0,0,0,0,0,0,0,0,1,2,2,2,2,2,3,3,3,3,5,3,12,20,20,21,23,33,44,54,58,74,97,115,123,151,189,225,271,385,460,541,611,677,772,874,1029,1159,1330,1607,1607,2209,2525,2525,3111,3099,3367,3952,4308,4522,4892,5291,5573,6000,6427,6847,7147,7405,7614,7923,8291,8618,8939,9121,9289,9570,9842,10167,10416,10626,10911,11044,11203,11410,11591,11794,12009,12249,12370,12526,12894,13100,13254,13467,13579,13579,13724,13860,13998,14136,14320,14429,14492,14613,14720,14826,14942,14942,14942,15129,15178,15243,15349,15434,15434,15434,15577,15648,15697,15753,15821,15821,15821,15936,16010,16083,16117,16138,16138,16138,16232,16281,16321,16409,16453,16453,16453,16453,16616,16666,16705,16774,16774,16774,16949,17050,17076,17147,17229,17229,17229,17340,17422,17488,17574,17650,17650,17650,17941,18151,18210,18360,18432,18432,18432,18656,18800,18874,19004,19131,19131,19131,19327,19446,19508,19619,19714,19714,19714,19951,20071,20136,20212,20363,20363,20363,20643,20713,20760,20895,20989,20989,20989,21255,21308,21356,21421,21521,21521,21521,21521,21870,21943,22049,22172,22172,22172,22397,22517,22605,22735,22867,22867,22867,23179,23291,23374,23508,23378,23378,23378,23621,23753,23871,24037,24199,24199,24199,24542,24719,24821,25090,25339,25339,25339,25339,26005,26045,26319
0,0,0,0,0,0,0,0,0,0,0,0,0,0,0,0,0,0,0,0,0,0,0,0,0,0,0,0,0,0,0,0,0,0,0,0,0,0,0,0,0,0,0,0,0,2,2,3,7,10,7,8,19,19,30,46,59,79,125,172,192,291,331,406,406,523,629,738,882,1027,1227,1488,1627,1836,1964,2137,2309,2309,2673,2942,3084,3186,3257,3415,3518,3782,3948,4092,4221,4287,4280,4595,4746,4898,5076,5317,5427,5547,5685,5885,6043,6270,6405,6535,6622,6714,6917,7134,7294,7415,7550,7669,7765,7917,8127,8371,8523,8638,8748,8858,9057,9309,9556,9756,9832,10064,10260,10417,10746,10996,11454,11731,11998,12049,12105,13012,13092,13837,14314,14718,15223,15884,16590,17342,18160,18727,19305,19857,20805,21868,22974,23848,24807,25687,26983,28075,29346,30892,32225,33488,35195,36662,38400,40126,41930,43364,44836,45779,47291,49006,50659,52860,54763,56219,58400,60183,61945,63857,65380,67596,69007,70823,72471,73939,75881,77216,78383,79559,81175,82874,84550,85939,87465,88618,89705,90877,92131,93395,94745,95929,96867,97569,98493,99296,1.002e+05,1.0111e+05,1.0213e+05,1.0272e+05,1.0315e+05,1.0382e+05,1.0455e+05,1.0543e+05,1.0644e+05,1.0732e+05,1.08e+05,1.0853e+05,1.0944e+05,1.1001e+05,1.1049e+05,1.1179e+05,1.1305e+05,1.141e+05,1.1475e+05,1.1554e+05,1.1616e+05,1.173e+05,1.1889e+05,1.1982e+05,1.2045e+05,1.2109e+05,1.2136e+05,1.2163e+05,1.22e+05,1.2434e+05,1.2523e+05,1.2706e+05,1.2781e+05,1.2855e+05,1.2918e+05,1.3044e+05,1.3128e+05,1.3214e+05,1.3261e+05,1.33e+05,1.3563e+05,1.365e+05,1.3746e+05,1.3863e+05,1.3994e+05,1.4052e+05,1.4107e+05,1.422e+05,1.4249e+05,1.4284e+05,1.4367e+05,1.4528e+05,1.4595e+05,1.465e+05,1.4727e+05,1.4797e+05,1.4897e+05,1.4984e+05,1.5074e+05,1.515e+05,1.5212e+05,1.529e+05,1.5379e+05,1.5503e+05
0,0,0,0,0,0,0,0,0,0,0,0,0,0,0,0,0,0,0,0,0,0,0,0,0,0,0,0,0,0,0,0,0,0,0,0,0,0,0,0,0,0,0,0,0,0,0,0,0,8,7,8,8,8,10,11,11,14,14,14,21,28,30,41,46,58,68,90,101,108,129,165,187,212,240,288,320,393,447,536,626,730,868,988,1168,1311,1411,1542,1635,1685,1755,1858,1956,2040,2147,2212,2244,2313,2373,2449,2525,2588,2631,2668,2721,2779,2905,3144,3392,3516,3613,3662,3731,3791,3886,3958,3986,4026,4084,4176,4176,4355,4463,4562,4585,4652,4709,4792,4865,4959,4992,5033,5066,5161,5245,5275,5365,5436,5469,5521,5602,5663,5740,5831,5896,5926,5964,6048,6107,6156,6223,6295,6324,6351,6417,6477,6533,6624,6678,6713,6762,6824,6892,6977,7027,7062,7104,7162,7241,7334,7398,7451,7496,7521,7569,7649,7691,7786,7859,7903,7940,8016,8074,8140,8197,8298,8388,8437,8485,8633,8677,8756,8859,8947,9012,9071,9159,9263,9338,9443,9570,9628,9678,9780,9862,9989,10083,10239,10325,10406,10531,10656,10846,11091,11231,11379,11459,11525,12148,12470,12894,13274,13461,13700,13953,14285,14543,14834,15054,15245,15348,15516,15776,16059,16379,16580,16742,16935,17232,17627,18015,18384,18636,18809,19129,19574,20037,20494,21073,21480,21677,21935,22326,23073,23459,23921,24351,24531,24808,25837,26371,27145,27877,28493,28854,29268,30142,30936
0,0,0,0,0,0,0,0,0,0,0,0,0,0,0,0,0,0,0,0,0,0,0,0,0,0,0,0,0,0,0,0,0,0,0,0,0,0,0,0,0,0,0,1,1,1,3,3,3,9,18,26,32,32,52,74,100,154,222,301,391,608,765,906,1084,1298,1491,1693,1890,2352,2888,2951,2996,3240,3540,3705,4026,4246,4511,4762,4997,5373,5467,5682,5682,6011,6102,6418,6889,7053,7207,7207,8070,8531,8990,9434,9672,9803,10116,10482,11632,12393,12904,13295,13409,13651,13808,14151,14471,14685,15242,15805,16061,16387,16644,16945,17041,17684,18074,18074,18617,19051,19442,19756,20172,20524,20903,21292,21674,22159,22159,22159,23912,24391,24741,25205,25708,26018,26528,27087,27431,27839,28607,29037,29828,30486,31214,31570,32205,33437,33851,34486,34928,35654,36577,37351,38736,39447,39447,41535,42730,44486,46031,47821,49230,50375,51076,52515,54926,56492,58416,59858,60773,64013,65513,67723,70128,72362,74783,76514,78126,80280,82729,85241,87301,89006,92096,94613,97142,98881,1.009e+05,1.0396e+05,1.0614e+05,1.0756e+05,1.0856e+05,1.1034e+05,1.1195e+05,1.1416e+05,1.1655e+05,1.1832e+05,1.2042e+05,1.2159e+05,1.2258e+05,1.2402e+05,1.261e+05,1.2802e+05,1.2929e+05,1.3122e+05,1.3224e+05,1.3324e+05,1.3524e+05,1.3659e+05,1.3824e+05,1.3946e+05,1.4128e+05,1.4194e+05,1.4275e+05,1.4464e+05,1.4644e+05,1.4805e+05,1.4949e+05,1.503e+05,1.5211e+05,1.5346e+05,1.5493e+05,1.566e+05,1.5764e+05,1.5937e+05,1.611e+05,1.6207e+05,1.627e+05,1.6353e+05,1.6513e+05,1.6672e+05,1.6773e+05,1.6865e+05,1.7106e+05,1.7201e+05,1.7384e+05,1.7488e+05,1.7719e+05,1.7812e+05,1.8016e+05,1.8104e+05,1.8176e+05,1.8339e+05,1.8427e+05,1.86e+05,1.8742e+05,1.8948e+05,1.9019e+05,1.9105e+05,1.9253e+05,1.938e+05,1.9475e+05,1.9592e+05,1.9749e+05,1.9991e+05,2.0155e+05,2.0359e+05,2.0554e+05,2.0707e+05,2.0868e+05,2.1071e+05,2.1361e+05,2.1471e+05,2.1638e+05,2.1865e+05
0,0,0,0,0,0,0,0,0,0,0,0,0,0,0,0,0,0,0,0,0,0,0,0,0,0,0,0,0,0,0,0,0,0,0,0,0,0,0,0,0,0,0,3,4,8,11,13,16,21,27,44,60,63,85,110,196,306,429,582,643,758,955,1229,1563,1937,2455,2792,3147,3809,4355,5069,5734,6567,7209,8043,8925,9777,11208,12105,13023,13677,14275,15006,15907,16876,17848,18703,19259,19750,20663,21320,22649,23641,24152,24966,25411,26356,27368,28726,29691,30916,31997,32782,33911,34927,36035,37245,38392,39256,40553,41661,43011,44471,45712,47443,48387,49168,50543,51849,53042,53528,54765,55850,56398,57219,58531,60384,60890,62883,64641,65582,67298,68865,70543,72536,74458,75396,76451,78196,80765,82646,84915,86902,88510,90198,93556,97686,1.0125e+05,1.0538e+05,1.0957e+05,1.1293e+05,1.1778e+05,1.2292e+05,1.2812e+05,1.3454e+05,1.4016e+05,1.4588e+05,1.507e+05,1.5669e+05,1.6304e+05,1.7235e+05,1.7911e+05,1.8678e+05,1.9393e+05,1.974e+05,2.0562e+05,2.16e+05,2.249e+05,2.365e+05,2.4587e+05,2.5437e+05,2.627e+05,2.6972e+05,2.7952e+05,2.9082e+05,3.0578e+05,3.1768e+05,3.2702e+05,3.3516e+05,3.4369e+05,3.5097e+05,3.635e+05,3.7291e+05,3.8023e+05,3.9014e+05,3.9394e+05,4.0019e+05,4.0834e+05,4.1883e+05,4.2806e+05,4.3812e+05,4.4456e+05,4.4797e+05,4.5645e+05,4.6585e+05,4.768e+05,4.8372e+05,4.911e+05,4.9742e+05,5.0312e+05,5.0937e+05,5.1748e+05,5.2374e+05,5.3062e+05,5.3944e+05,5.4631e+05,5.5515e+05,5.6087e+05,5.6857e+05,5.7439e+05,5.7964e+05,5.8531e+05,5.8903e+05,5.9378e+05,5.9801e+05,6.0407e+05,6.1039e+05,6.1429e+05,6.1909e+05,6.2649e+05,6.2931e+05,6.3248e+05,6.3746e+05,6.4159e+05,6.4516e+05,6.5108e+05,6.5555e+05,6.5794e+05,6.5878e+05,6.6216e+05,6.6723e+05,6.6887e+05,6.7467e+05,6.7734e+05,6.816e+05,6.8547e+05,6.9247e+05,6.9652e+05,7.0107e+05,7.0427e+05,7.0765e+05,7.1272e+05,7.3444e+05,7.4102e+05,7.4257e+05,7.4702e+05,7.5071e+05,7.5395e+05,7.584e+05,7.6084e+05,7.669e+05,7.7265e+05,7.7636e+05,7.8193e+05,7.8705e+05,7.8982e+05,7.9393e+05,7.9817e+05,8.0329e+05,8.0735e+05,8.1179e+05,8.1552e+05,8.1803e+05,8.207e+05,8.264e+05,8.3231e+05,8.3714e+05
0,0,0,0,0,0,0,0,0,0,0,0,0,0,0,0,0,0,0,0,0,0,0,0,0,0,0,0,0,0,0,0,0,0,0,0,0,0,0,0,0,0,0,0,0,1,1,1,1,2,2,8,9,18,26,35,47,62,95,118,162,249,289,330,382,452,573,683,759,847,847,1033,1190,1365,1534,1607,1664,1771,1779,2013,2114,2207,2260,2312,2441,2575,2683,2805,2950,3089,3171,3315,3476,3642,3805,3978,4088,4197,4346,4514,4666,4819,5008,5150,5276,5422,5551,5735,5915,6057,6165,6225,6409,6535,6697,6847,7012,7150,7284,7468,7623,7805,8004,8132,8253,8348,8433,8645,8976,9240,9499,9696,9894,10181,10483,10899,11422,11679,11925,12151,12450,12829,13138,13510,13811,14097,14398,14789,15251,15809,16427,16796,17230,17592,18050,18595,19236,19782,20228,20745,21263,21712,22228,22776,23370,23757,24214,24740,25387,25960,26767,27361,27926,28450,28870,29260,30016,30644,31327,32063,32455,32900,33429,33898,34694,35310,35621,36034,36428,36714,37188,37643,38100,38551,38889,39247,39644,40175,40602,40951,41303,41545,41874,42178,42489,43016,43350,43660,43892,44138,44481,44908,45340,45686,45965,46202,46577,46951,47314,47675,48096,48518,48761,49021,49387,49848,50332,50742,51110,51469,51784,52066,52388,53013,53535,54126,54666,55195,55905,56781,57841,58854,59748,60349,60972,61811,62962,64318,65304,66320,67120,67776,68651,69586,70643,71668,73003,74071,74756,75699,77077,78348,79625,80769,81690,82607,83677,85097
0,0,0,0,0,0,0,0,0,0,0,0,0,0,0,0,0,0,0,0,0,0,0,0,0,0,0,0,0,0,0,0,0,0,0,0,0,0,0,0,0,0,0,0,0,0,1,1,1,1,2,2,3,3,9,9,10,19,26,40,44,63,80,108,141,166,193,217,238,275,303,318,369,440,490,521,551,581,604,655,686,702,721,725,732,743,746,769,776,779,780,785,787,789,804,812,815,822,822,826,839,845,855,859,864,864,870,873,875,882,881,882,883,885,886,887,893,893,896,896,901,903,905,907,912,916,920,923,924,926,930,932,937,938,974,975,991,1008,1020,1028,1039,1055,1064,1070,1072,1073,1076,1075,1080,1089,1092,1104,1108,1109,1129,1135,1140,1142,1144,1150,1150,1152,1168,1177,1179,1190,1192,1195,1195,1211,1215,1221,1234,1239,1243,1254,1261,1269,1273,1285,1293,1299,1298,1308,1316,1327,1331,1333,1336,1337,1337,1344,1350,1355,1356,1360,1365,1373,1376,1382,1387,1390,1400,1405,1411,1427,1434,1440,1452,1455,1458,1462,1466,1478,1482,1491,1497,1502,1509,1512,1527,1537,1545,1555,1558,1558,1562,1567,1568,1570,1573,1575,1580,1586,1595,1602,1613,1619,1619,1622,1623,1627,1632,1636,1637,1638,1640,1645,1653,1655,1658,1662,1665,1666,1678,1687,1693,1725,1727,1732,1741,1746,1756,1765,1772,1782,1785,1798
0,0,0,0,0,0,0,0,0,0,0,0,0,0,0,0,0,0,0,0,0,0,0,0,0,0,0,0,0,0,0,0,0,0,0,0,0,0,0,0,0,0,0,0,0,0,2,2,8,9,12,27,37,37,49,66,78,102,120,154,215,249,287,388,457,598,731,881,1009,1235,1467,1689,1995,2388,2620,2857,3310,3620,4017,4484,5050,5245,5714,6147,6465,6852,7453,8015,8498,8946,9587,10223,10955,11551,12322,12926,13494,14294,14917,15801,16856,17692,18625,19446,20209,20935,21519,22287,23141,24025,25013,25741,26686,27752,28610,29621,30326,31077,32082,32845,34072,34883,35682,36176,37658,39271,40178,41329,42461,43539,44533,45321,46162,46828,47779,48453,49315,50595,51165,51652,52091,52558,53121,53778,54413,54793,55237,55681,56144,56696,57345,57895,58364,58888,59408,59840,60462,61137,61622,62074,62672,63088,63619,64273,64985,65619,65971,66609,67240,67848,68787,69633,70510,71474,72267,73347,74250,75242,76173,77214,78149,79137,80156,80994,82105,83339,84288,85790,86707,87703,88611,89587,90493,91472,92788,93921,94714,95529,97527,98828,99720,1.0038e+05,1.0137e+05,1.0215e+05,1.0324e+05,1.0444e+05,1.0535e+05,1.0628e+05,1.0701e+05,1.0787e+05,1.0861e+05,1.0947e+05,1.1044e+05,1.1165e+05,1.1253e+05,1.1319e+05,1.1419e+05,1.1501e+05,1.1613e+05,1.1713e+05,1.1834e+05,1.1928e+05,1.2011e+05,1.2113e+05,1.2205e+05,1.2316e+05,1.2426e+05,1.252e+05,1.2639e+05,1.2703e+05,1.2786e+05,1.2874e+05,1.2996e+05,1.3107e+05,1.3237e+05,1.3324e+05,1.3399e+05,1.3492e+05,1.3576e+05,1.3685e+05,1.3809e+05,1.3902e+05,1.3987e+05,1.4049e+05,1.4135e+05,1.4192e+05,1.4282e+05,1.4375e+05,1.4472e+05,1.4546e+05,1.459e+05,1.468e+05,1.4754e+05,1.4798e+05,1.4893e+05,1.5002e+05,1.5108e+05,1.5176e+05,1.5238e+05,1.5289e+05,1.547e+05,1.5579e+05,1.5703e+05,1.5782e+05,1.5866e+05,1.5986e+05,1.6064e+05,1.6194e+05
1,1,1,1,1,1,1,1,1,1,1,1,1,1,1,1,1,1,1,1,1,1,1,1,1,1,1,1,1,1,1,1,1,1,1,1,1,1,7,11,18,27,39,70,78,102,122,122,167,282,442,566,638,599,775,950,1015,1367,1514,1780,1981,2205,2303,2544,3146,3411,3948,4325,4776,5271,5447,6165,6606,6958,7499,7948,8312,8876,9206,9672,9923,10074,10097,10185,10307,10383,10810,11017,11174,11279,11524,11710,11874,12054,12343,12506,12652,12796,12988,13199,13434,13731,13889,14090,14205,14456,14684,14809,14988,15110,15258,15414,15566,15771,15899,16071,16180,16241,16367,16453,16566,16671,16671,17016,17107,17173,17358,17533,17702,17891,18117,18228,18340,18546,18698,18852,19076,19220,19376,19520,19520,19791,20042,20273,20450,20708,20934,21133,21415,21686,22096,22397,22544,22951,23379,23760,24096,24576,24832,25245,25753,26307,26881,27429,27851,28409,29351,29724,30188,30713,31284,31284,32534,33432,33947,34610,35508,36128,36986,37821,38558,39314,39935,40642,41363,42292,43006,43621,44447,45181,45938,45938,47580,48156,48668,49298,49942,50750,51377,52254,52747,53280,53762,54290,54872,55616,56295,56836,57076,57598,58009,58669,59021,59799,60196,60541,60862,61308,61834,62402,62951,63378,63687,63976,64402,64862,65328,65802,66176,66474,66474,66913,67355,67882,68335,68673,68967,69279,69618,69985,70373,70939,71265,71447,71892,72386,72907,73879,74452,74874,75233,75629,76091,76674,77339,77930,78379,78774,79157,79687,80382,81008,81469,81469,81469,83166,83881,84528
0,0,0,0,0,0,0,0,0,0,0,0,0,0,0,0,0,0,0,0,0,0,0,0,0,0,0,0,0,0,0,0,0,0,0,0,0,0,0,0,0,0,0,0,0,0,0,0,0,0,0,0,0,0,0,0,1,2,8,12,16,16,22,39,52,76,96,113,145,162,191,216,237,282,324,345,411,482,513,573,576,592,610,639,701,727,774,784,889,901,907,938,980,1009,1009,1054,1062,1094,1109,1124,1151,1184,1194,1223,1245,1241,1286,1322,1322,1359,1365,1377,1397,1426,1446,1468,1490,1499,1499,1564,1590,1702,1702,1756,1771,1771,1896,1932,1948,1986,2007,2025,2054,2075,2100,2117,2134,2141,2158,2166,2191,2212,2244,2269,2285,2317,2336,2371,2412,2461,2493,2526,2545,2586,2624,2687,2723,2775,2825,2863,2898,2972,3046,3119,3198,3255,3435,3498,3700,3819,3976,4139,4237,4306,4400,4550,4650,4776,4887,4983,5076,5164,5201,5440,5638,5760,5874,5983,6103,6260,6357,6558,6717,6835,6955,7036,7138,7249,7421,7532,7664,7723,7845,7981,8120,8231,8416,8520,8593,8690,8759,8935,9025,9134,9222,9264,9348,9489,9572,9762,9904,10043,10182,10445,10590,10787,10972,11222,11347,11503,11590,11741,11941,12104,12452,12625,12750,12904,13119,13346,13591,13793,13961,14080,14291,14412,14611,14852,15053,15236,15398,15575,15731,15905,16180,16352,16506,16619,16812,17020,17201,17572,17791,17995,18143,18414,18679,18932
0,0,0,0,0,0,0,0,0,0,0,0,0,0,0,0,0,0,0,0,0,0,0,0,0,0,0,0,0,0,0,0,0,0,0,0,0,0,0,0,0,0,0,0,0,0,0,0,3,4,8,19,27,28,47,72,110,158,218,281,380,424,480,620,727,924,1053,1162,1228,1410,1554,1746,2010,2028,2318,2447,2576,2708,2884,3066,3211,3339,3426,3553,3719,3873,4051,4197,4344,4497,4623,4843,5050,5354,5685,5910,6079,6287,6518,6852,7312,7658,7962,8234,8564,8899,9213,9588,9937,10217,10414,10607,10898,11270,11680,12181,12537,12680,12877,13405,13876,14387,14868,15268,15575,15854,16453,16964,17697,18220,18393,18533,18907,19390,19881,20238,20560,20824,21027,21296,21580,21911,22230,22501,22737,22909,23175,23431,23848,24125,24508,24787,25035,25297,25726,26190,26708,27244,27696,28009,28608,29138,29675,30248,30976,31493,31975,32470,33061,33809,34652,35576,36341,36833,37797,38615,39507,40383,41357,42182,42883,43995,44707,45747,46761,47709,48662,49246,50003,50860,51904,52724,53773,54686,55087,55801,56677,57511,58492,59647,60263,60756,61463,61936,62867,63870,64684,65362,65815,65815,67104,67834,68653,69596,70045,70436,71071,71835,72707,73541,74350,74881,75145,76112,76651,77367,78848,79784,80668,81230,81946,82796,84340,85695,87040,88610,89377,90714,92096,94119,96626,98897,1.0055e+05,1.0181e+05,1.0346e+05,1.0521e+05,1.0759e+05,1.1007e+05,1.1285e+05,1.1504e+05,1.1676e+05,1.1912e+05,1.2142e+05,1.2428e+05,1.27e+05,1.2987e+05,1.3172e+05,1.334e+05,1.3541e+05,1.3771e+05,1.4082e+05,1.4376e+05,1.4647e+05,1.4912e+05,1.5106e+05,1.5432e+05,1.574e+05,1.611e+05
0,0,0,0,0,0,0,0,0,0,0,0,0,0,0,0,0,0,0,0,0,0,0,0,0,0,0,0,0,0,0,0,0,0,0,0,0,0,0,0,0,0,0,0,0,0,0,0,0,0,1,1,2,2,2,11,16,18,21,23,26,26,29,44,53,70,82,86,94,109,130,150,162,187,197,210,216,221,230,239,261,270,275,282,287,296,305,309,313,317,443,447,453,473,491,502,520,536,545,559,566,579,586,596,604,631,635,644,653,662,669,675,688,701,716,741,754,766,776,787,801,803,813,838,843,850,859,875,890,897,902,909,911,914,920,932,938,946,959,969,979,1008,1026,1049,1059,1078,1088,1113,1143,1172,1178,1196,1229,1253,1281,1325,1367,1391,1416,1448,1485,1512,1548,1580,1604,1632,1674,1708,1739,1768,1789,1838,1861,1900,1947,1982,2023,2066,2104,2122,2183,2234,2284,2343,2401,2442,2471,2515,2584,2623,2681,2721,2764,2803,2843,2879,2918,2948,2995,3010,3045,3036,3068,3081,3114,3178,3220,3279,3323,3352,3419,3457,3513,3532,3567,3592,3621,3669,3722,3792,3784,3818,3839,3863,3892,3921,3970,3970,4012,4012,4085,4131,4178,4243,4274,4323,4371,4417,4543,4629,4724,4758,4849,4921,4990,5144,5278,5385,5429,5597,5718,5784,5909,6044,6175,6324,6462,6585,6724,6849,7041,7281,7397,7553,7744,7902,8111,8304
